y_true,y_pred
AnnualCrop,AnnualCrop
AnnualCrop,AnnualCrop
AnnualCrop,AnnualCrop
AnnualCrop,AnnualCrop
AnnualCrop,AnnualCrop
AnnualCrop,AnnualCrop
AnnualCrop,AnnualCrop
AnnualCrop,AnnualCrop
AnnualCrop,AnnualCrop
AnnualCrop,AnnualCrop
AnnualCrop,AnnualCrop
AnnualCrop,AnnualCrop
AnnualCrop,AnnualCrop
AnnualCrop,AnnualCrop
AnnualCrop,AnnualCrop
AnnualCrop,AnnualCrop
AnnualCrop,AnnualCrop
AnnualCrop,AnnualCrop
AnnualCrop,AnnualCrop
AnnualCrop,AnnualCrop
AnnualCrop,AnnualCrop
AnnualCrop,AnnualCrop
AnnualCrop,AnnualCrop
AnnualCrop,AnnualCrop
AnnualCrop,AnnualCrop
AnnualCrop,AnnualCrop
AnnualCrop,AnnualCrop
AnnualCrop,AnnualCrop
AnnualCrop,AnnualCrop
AnnualCrop,AnnualCrop
AnnualCrop,AnnualCrop
AnnualCrop,AnnualCrop
AnnualCrop,AnnualCrop
AnnualCrop,AnnualCrop
AnnualCrop,AnnualCrop
AnnualCrop,AnnualCrop
AnnualCrop,AnnualCrop
AnnualCrop,AnnualCrop
AnnualCrop,AnnualCrop
AnnualCrop,AnnualCrop
AnnualCrop,PermanentCrop
AnnualCrop,AnnualCrop
AnnualCrop,AnnualCrop
AnnualCrop,AnnualCrop
AnnualCrop,AnnualCrop
AnnualCrop,AnnualCrop
AnnualCrop,AnnualCrop
AnnualCrop,AnnualCrop
AnnualCrop,AnnualCrop
AnnualCrop,AnnualCrop
AnnualCrop,AnnualCrop
AnnualCrop,AnnualCrop
AnnualCrop,AnnualCrop
AnnualCrop,AnnualCrop
AnnualCrop,AnnualCrop
AnnualCrop,AnnualCrop
AnnualCrop,AnnualCrop
AnnualCrop,AnnualCrop
AnnualCrop,AnnualCrop
AnnualCrop,AnnualCrop
AnnualCrop,AnnualCrop
AnnualCrop,AnnualCrop
AnnualCrop,AnnualCrop
AnnualCrop,AnnualCrop
AnnualCrop,AnnualCrop
AnnualCrop,AnnualCrop
AnnualCrop,AnnualCrop
AnnualCrop,AnnualCrop
AnnualCrop,AnnualCrop
AnnualCrop,AnnualCrop
AnnualCrop,AnnualCrop
AnnualCrop,AnnualCrop
AnnualCrop,PermanentCrop
AnnualCrop,AnnualCrop
AnnualCrop,AnnualCrop
AnnualCrop,AnnualCrop
AnnualCrop,AnnualCrop
AnnualCrop,AnnualCrop
AnnualCrop,AnnualCrop
AnnualCrop,AnnualCrop
AnnualCrop,AnnualCrop
AnnualCrop,AnnualCrop
AnnualCrop,AnnualCrop
AnnualCrop,AnnualCrop
AnnualCrop,AnnualCrop
AnnualCrop,AnnualCrop
AnnualCrop,AnnualCrop
AnnualCrop,AnnualCrop
AnnualCrop,AnnualCrop
AnnualCrop,AnnualCrop
AnnualCrop,AnnualCrop
AnnualCrop,PermanentCrop
AnnualCrop,AnnualCrop
AnnualCrop,AnnualCrop
AnnualCrop,AnnualCrop
AnnualCrop,AnnualCrop
AnnualCrop,AnnualCrop
AnnualCrop,AnnualCrop
AnnualCrop,AnnualCrop
AnnualCrop,AnnualCrop
AnnualCrop,HerbaceousVegetation
AnnualCrop,AnnualCrop
AnnualCrop,AnnualCrop
AnnualCrop,AnnualCrop
AnnualCrop,AnnualCrop
AnnualCrop,AnnualCrop
AnnualCrop,AnnualCrop
AnnualCrop,AnnualCrop
AnnualCrop,AnnualCrop
AnnualCrop,AnnualCrop
AnnualCrop,AnnualCrop
AnnualCrop,AnnualCrop
AnnualCrop,AnnualCrop
AnnualCrop,AnnualCrop
AnnualCrop,AnnualCrop
AnnualCrop,AnnualCrop
AnnualCrop,AnnualCrop
AnnualCrop,AnnualCrop
AnnualCrop,AnnualCrop
AnnualCrop,AnnualCrop
AnnualCrop,AnnualCrop
AnnualCrop,Pasture
AnnualCrop,AnnualCrop
AnnualCrop,AnnualCrop
AnnualCrop,AnnualCrop
AnnualCrop,AnnualCrop
AnnualCrop,AnnualCrop
AnnualCrop,AnnualCrop
AnnualCrop,AnnualCrop
AnnualCrop,AnnualCrop
AnnualCrop,AnnualCrop
AnnualCrop,AnnualCrop
AnnualCrop,AnnualCrop
AnnualCrop,AnnualCrop
AnnualCrop,AnnualCrop
AnnualCrop,AnnualCrop
AnnualCrop,AnnualCrop
AnnualCrop,AnnualCrop
AnnualCrop,AnnualCrop
AnnualCrop,AnnualCrop
AnnualCrop,AnnualCrop
AnnualCrop,AnnualCrop
AnnualCrop,AnnualCrop
AnnualCrop,AnnualCrop
AnnualCrop,AnnualCrop
AnnualCrop,PermanentCrop
AnnualCrop,AnnualCrop
AnnualCrop,AnnualCrop
AnnualCrop,AnnualCrop
AnnualCrop,AnnualCrop
AnnualCrop,AnnualCrop
AnnualCrop,AnnualCrop
AnnualCrop,AnnualCrop
AnnualCrop,AnnualCrop
AnnualCrop,AnnualCrop
AnnualCrop,AnnualCrop
AnnualCrop,AnnualCrop
AnnualCrop,AnnualCrop
AnnualCrop,AnnualCrop
AnnualCrop,AnnualCrop
AnnualCrop,AnnualCrop
AnnualCrop,AnnualCrop
AnnualCrop,AnnualCrop
AnnualCrop,AnnualCrop
AnnualCrop,AnnualCrop
AnnualCrop,AnnualCrop
AnnualCrop,AnnualCrop
AnnualCrop,AnnualCrop
AnnualCrop,AnnualCrop
AnnualCrop,AnnualCrop
AnnualCrop,AnnualCrop
AnnualCrop,AnnualCrop
AnnualCrop,AnnualCrop
AnnualCrop,AnnualCrop
AnnualCrop,AnnualCrop
AnnualCrop,AnnualCrop
AnnualCrop,AnnualCrop
AnnualCrop,AnnualCrop
AnnualCrop,AnnualCrop
AnnualCrop,AnnualCrop
AnnualCrop,AnnualCrop
AnnualCrop,AnnualCrop
AnnualCrop,AnnualCrop
AnnualCrop,AnnualCrop
AnnualCrop,AnnualCrop
AnnualCrop,AnnualCrop
AnnualCrop,AnnualCrop
AnnualCrop,AnnualCrop
AnnualCrop,AnnualCrop
AnnualCrop,AnnualCrop
AnnualCrop,AnnualCrop
AnnualCrop,AnnualCrop
AnnualCrop,AnnualCrop
AnnualCrop,AnnualCrop
AnnualCrop,PermanentCrop
AnnualCrop,AnnualCrop
AnnualCrop,AnnualCrop
AnnualCrop,AnnualCrop
AnnualCrop,AnnualCrop
AnnualCrop,AnnualCrop
AnnualCrop,AnnualCrop
AnnualCrop,AnnualCrop
AnnualCrop,AnnualCrop
AnnualCrop,AnnualCrop
AnnualCrop,AnnualCrop
AnnualCrop,AnnualCrop
AnnualCrop,AnnualCrop
AnnualCrop,AnnualCrop
AnnualCrop,AnnualCrop
AnnualCrop,AnnualCrop
AnnualCrop,AnnualCrop
AnnualCrop,AnnualCrop
AnnualCrop,AnnualCrop
AnnualCrop,AnnualCrop
AnnualCrop,AnnualCrop
AnnualCrop,AnnualCrop
AnnualCrop,AnnualCrop
AnnualCrop,PermanentCrop
AnnualCrop,AnnualCrop
AnnualCrop,AnnualCrop
AnnualCrop,AnnualCrop
AnnualCrop,AnnualCrop
AnnualCrop,AnnualCrop
AnnualCrop,AnnualCrop
AnnualCrop,AnnualCrop
AnnualCrop,AnnualCrop
AnnualCrop,AnnualCrop
AnnualCrop,AnnualCrop
AnnualCrop,AnnualCrop
AnnualCrop,AnnualCrop
AnnualCrop,AnnualCrop
AnnualCrop,AnnualCrop
AnnualCrop,AnnualCrop
AnnualCrop,AnnualCrop
AnnualCrop,AnnualCrop
AnnualCrop,AnnualCrop
AnnualCrop,AnnualCrop
AnnualCrop,AnnualCrop
AnnualCrop,AnnualCrop
AnnualCrop,AnnualCrop
AnnualCrop,AnnualCrop
AnnualCrop,AnnualCrop
AnnualCrop,AnnualCrop
AnnualCrop,AnnualCrop
AnnualCrop,AnnualCrop
AnnualCrop,AnnualCrop
AnnualCrop,AnnualCrop
AnnualCrop,AnnualCrop
AnnualCrop,AnnualCrop
AnnualCrop,AnnualCrop
AnnualCrop,AnnualCrop
AnnualCrop,AnnualCrop
AnnualCrop,AnnualCrop
AnnualCrop,AnnualCrop
AnnualCrop,AnnualCrop
AnnualCrop,AnnualCrop
AnnualCrop,AnnualCrop
AnnualCrop,AnnualCrop
AnnualCrop,AnnualCrop
AnnualCrop,AnnualCrop
AnnualCrop,AnnualCrop
AnnualCrop,AnnualCrop
AnnualCrop,AnnualCrop
AnnualCrop,AnnualCrop
AnnualCrop,AnnualCrop
AnnualCrop,AnnualCrop
AnnualCrop,AnnualCrop
AnnualCrop,AnnualCrop
AnnualCrop,AnnualCrop
AnnualCrop,AnnualCrop
AnnualCrop,AnnualCrop
AnnualCrop,AnnualCrop
AnnualCrop,AnnualCrop
AnnualCrop,AnnualCrop
AnnualCrop,AnnualCrop
AnnualCrop,AnnualCrop
AnnualCrop,AnnualCrop
AnnualCrop,AnnualCrop
AnnualCrop,AnnualCrop
AnnualCrop,AnnualCrop
AnnualCrop,AnnualCrop
AnnualCrop,AnnualCrop
AnnualCrop,AnnualCrop
AnnualCrop,AnnualCrop
AnnualCrop,AnnualCrop
AnnualCrop,Pasture
AnnualCrop,AnnualCrop
AnnualCrop,AnnualCrop
AnnualCrop,AnnualCrop
AnnualCrop,AnnualCrop
AnnualCrop,AnnualCrop
AnnualCrop,AnnualCrop
AnnualCrop,AnnualCrop
AnnualCrop,AnnualCrop
AnnualCrop,AnnualCrop
AnnualCrop,AnnualCrop
AnnualCrop,AnnualCrop
AnnualCrop,AnnualCrop
AnnualCrop,AnnualCrop
AnnualCrop,AnnualCrop
Forest,Forest
Forest,Forest
Forest,Forest
Forest,Forest
Forest,Forest
Forest,Forest
Forest,Forest
Forest,Forest
Forest,Forest
Forest,Forest
Forest,Forest
Forest,Forest
Forest,Forest
Forest,Forest
Forest,Forest
Forest,Forest
Forest,Forest
Forest,Forest
Forest,Forest
Forest,Forest
Forest,Forest
Forest,Forest
Forest,Forest
Forest,Forest
Forest,Forest
Forest,Forest
Forest,Forest
Forest,Forest
Forest,Forest
Forest,Forest
Forest,Forest
Forest,Forest
Forest,Forest
Forest,Forest
Forest,Forest
Forest,Forest
Forest,Forest
Forest,Forest
Forest,Forest
Forest,Forest
Forest,Forest
Forest,Forest
Forest,Forest
Forest,Forest
Forest,Forest
Forest,Forest
Forest,Forest
Forest,Forest
Forest,Forest
Forest,Forest
Forest,Forest
Forest,Forest
Forest,Forest
Forest,Forest
Forest,Forest
Forest,Forest
Forest,Forest
Forest,Forest
Forest,Forest
Forest,Forest
Forest,Forest
Forest,Forest
Forest,Forest
Forest,Forest
Forest,Forest
Forest,Forest
Forest,Forest
Forest,Forest
Forest,Forest
Forest,Forest
Forest,Forest
Forest,Forest
Forest,Forest
Forest,Forest
Forest,Forest
Forest,Forest
Forest,Forest
Forest,Forest
Forest,Forest
Forest,Forest
Forest,Forest
Forest,Forest
Forest,Forest
Forest,Forest
Forest,Forest
Forest,Forest
Forest,Forest
Forest,Forest
Forest,Forest
Forest,Forest
Forest,Forest
Forest,Forest
Forest,Forest
Forest,Forest
Forest,Forest
Forest,Forest
Forest,Forest
Forest,Forest
Forest,Forest
Forest,Forest
Forest,Forest
Forest,Forest
Forest,Forest
Forest,Forest
Forest,Forest
Forest,Forest
Forest,Forest
Forest,Forest
Forest,Forest
Forest,Forest
Forest,Forest
Forest,Forest
Forest,Forest
Forest,Forest
Forest,Forest
Forest,Forest
Forest,Forest
Forest,Forest
Forest,Forest
Forest,Forest
Forest,Forest
Forest,Forest
Forest,Forest
Forest,Forest
Forest,Forest
Forest,Forest
Forest,Forest
Forest,Forest
Forest,Forest
Forest,Forest
Forest,Forest
Forest,Forest
Forest,Forest
Forest,Forest
Forest,Forest
Forest,Forest
Forest,Forest
Forest,Forest
Forest,Forest
Forest,Forest
Forest,Forest
Forest,Forest
Forest,Forest
Forest,Forest
Forest,Forest
Forest,Forest
Forest,Forest
Forest,Forest
Forest,Forest
Forest,Forest
Forest,Forest
Forest,Forest
Forest,Forest
Forest,Forest
Forest,Forest
Forest,Forest
Forest,Forest
Forest,Forest
Forest,Forest
Forest,Forest
Forest,Forest
Forest,Forest
Forest,Forest
Forest,Forest
Forest,Forest
Forest,Forest
Forest,Forest
Forest,Forest
Forest,Forest
Forest,Forest
Forest,Forest
Forest,Forest
Forest,Forest
Forest,Forest
Forest,Forest
Forest,Forest
Forest,Forest
Forest,Forest
Forest,Forest
Forest,Forest
Forest,Forest
Forest,Forest
Forest,Forest
Forest,Forest
Forest,Forest
Forest,Forest
Forest,Forest
Forest,Forest
Forest,Forest
Forest,Forest
Forest,Forest
Forest,Forest
Forest,Forest
Forest,Forest
Forest,Forest
Forest,Forest
Forest,Forest
Forest,Forest
Forest,Forest
Forest,Forest
Forest,Forest
Forest,Forest
Forest,Forest
Forest,Forest
Forest,Forest
Forest,Forest
Forest,Forest
Forest,Forest
Forest,Forest
Forest,Forest
Forest,Forest
Forest,Forest
Forest,Forest
Forest,Forest
Forest,Forest
Forest,Forest
Forest,Forest
Forest,Forest
Forest,Forest
Forest,Forest
Forest,Forest
Forest,Forest
Forest,Forest
Forest,Forest
Forest,Forest
Forest,Forest
Forest,Forest
Forest,Forest
Forest,Forest
Forest,Forest
Forest,Forest
Forest,Forest
Forest,Forest
Forest,Forest
Forest,Forest
Forest,Forest
Forest,Forest
Forest,Forest
Forest,Forest
Forest,Forest
Forest,Forest
Forest,Forest
Forest,Forest
Forest,Forest
Forest,Forest
Forest,Forest
Forest,Forest
Forest,Forest
Forest,Forest
Forest,Forest
Forest,Forest
Forest,Forest
Forest,Forest
Forest,Forest
Forest,Forest
Forest,Forest
Forest,Forest
Forest,Forest
Forest,Forest
Forest,Forest
Forest,Forest
Forest,Forest
Forest,Forest
Forest,Forest
Forest,Forest
Forest,Forest
Forest,Forest
Forest,Forest
Forest,Forest
Forest,Forest
Forest,Forest
Forest,Forest
Forest,Forest
Forest,Forest
Forest,Forest
Forest,Forest
Forest,Forest
Forest,Forest
Forest,Forest
Forest,Forest
Forest,Forest
Forest,Forest
Forest,Forest
Forest,Forest
Forest,Forest
Forest,Forest
Forest,Forest
Forest,Forest
Forest,Forest
Forest,Forest
Forest,Forest
Forest,Forest
Forest,Forest
Forest,Forest
Forest,Forest
Forest,Forest
Forest,Forest
Forest,Forest
Forest,Forest
Forest,Forest
HerbaceousVegetation,HerbaceousVegetation
HerbaceousVegetation,HerbaceousVegetation
HerbaceousVegetation,HerbaceousVegetation
HerbaceousVegetation,HerbaceousVegetation
HerbaceousVegetation,HerbaceousVegetation
HerbaceousVegetation,HerbaceousVegetation
HerbaceousVegetation,HerbaceousVegetation
HerbaceousVegetation,HerbaceousVegetation
HerbaceousVegetation,HerbaceousVegetation
HerbaceousVegetation,HerbaceousVegetation
HerbaceousVegetation,HerbaceousVegetation
HerbaceousVegetation,HerbaceousVegetation
HerbaceousVegetation,HerbaceousVegetation
HerbaceousVegetation,HerbaceousVegetation
HerbaceousVegetation,HerbaceousVegetation
HerbaceousVegetation,HerbaceousVegetation
HerbaceousVegetation,HerbaceousVegetation
HerbaceousVegetation,HerbaceousVegetation
HerbaceousVegetation,HerbaceousVegetation
HerbaceousVegetation,HerbaceousVegetation
HerbaceousVegetation,HerbaceousVegetation
HerbaceousVegetation,HerbaceousVegetation
HerbaceousVegetation,HerbaceousVegetation
HerbaceousVegetation,HerbaceousVegetation
HerbaceousVegetation,HerbaceousVegetation
HerbaceousVegetation,HerbaceousVegetation
HerbaceousVegetation,HerbaceousVegetation
HerbaceousVegetation,HerbaceousVegetation
HerbaceousVegetation,HerbaceousVegetation
HerbaceousVegetation,HerbaceousVegetation
HerbaceousVegetation,HerbaceousVegetation
HerbaceousVegetation,HerbaceousVegetation
HerbaceousVegetation,HerbaceousVegetation
HerbaceousVegetation,HerbaceousVegetation
HerbaceousVegetation,HerbaceousVegetation
HerbaceousVegetation,HerbaceousVegetation
HerbaceousVegetation,HerbaceousVegetation
HerbaceousVegetation,HerbaceousVegetation
HerbaceousVegetation,HerbaceousVegetation
HerbaceousVegetation,HerbaceousVegetation
HerbaceousVegetation,HerbaceousVegetation
HerbaceousVegetation,HerbaceousVegetation
HerbaceousVegetation,HerbaceousVegetation
HerbaceousVegetation,HerbaceousVegetation
HerbaceousVegetation,HerbaceousVegetation
HerbaceousVegetation,HerbaceousVegetation
HerbaceousVegetation,HerbaceousVegetation
HerbaceousVegetation,HerbaceousVegetation
HerbaceousVegetation,HerbaceousVegetation
HerbaceousVegetation,HerbaceousVegetation
HerbaceousVegetation,HerbaceousVegetation
HerbaceousVegetation,HerbaceousVegetation
HerbaceousVegetation,HerbaceousVegetation
HerbaceousVegetation,HerbaceousVegetation
HerbaceousVegetation,HerbaceousVegetation
HerbaceousVegetation,HerbaceousVegetation
HerbaceousVegetation,HerbaceousVegetation
HerbaceousVegetation,HerbaceousVegetation
HerbaceousVegetation,HerbaceousVegetation
HerbaceousVegetation,HerbaceousVegetation
HerbaceousVegetation,HerbaceousVegetation
HerbaceousVegetation,HerbaceousVegetation
HerbaceousVegetation,HerbaceousVegetation
HerbaceousVegetation,HerbaceousVegetation
HerbaceousVegetation,HerbaceousVegetation
HerbaceousVegetation,HerbaceousVegetation
HerbaceousVegetation,HerbaceousVegetation
HerbaceousVegetation,HerbaceousVegetation
HerbaceousVegetation,HerbaceousVegetation
HerbaceousVegetation,HerbaceousVegetation
HerbaceousVegetation,HerbaceousVegetation
HerbaceousVegetation,HerbaceousVegetation
HerbaceousVegetation,HerbaceousVegetation
HerbaceousVegetation,HerbaceousVegetation
HerbaceousVegetation,PermanentCrop
HerbaceousVegetation,HerbaceousVegetation
HerbaceousVegetation,HerbaceousVegetation
HerbaceousVegetation,HerbaceousVegetation
HerbaceousVegetation,HerbaceousVegetation
HerbaceousVegetation,HerbaceousVegetation
HerbaceousVegetation,HerbaceousVegetation
HerbaceousVegetation,HerbaceousVegetation
HerbaceousVegetation,HerbaceousVegetation
HerbaceousVegetation,HerbaceousVegetation
HerbaceousVegetation,HerbaceousVegetation
HerbaceousVegetation,HerbaceousVegetation
HerbaceousVegetation,HerbaceousVegetation
HerbaceousVegetation,HerbaceousVegetation
HerbaceousVegetation,HerbaceousVegetation
HerbaceousVegetation,HerbaceousVegetation
HerbaceousVegetation,HerbaceousVegetation
HerbaceousVegetation,HerbaceousVegetation
HerbaceousVegetation,HerbaceousVegetation
HerbaceousVegetation,HerbaceousVegetation
HerbaceousVegetation,HerbaceousVegetation
HerbaceousVegetation,HerbaceousVegetation
HerbaceousVegetation,HerbaceousVegetation
HerbaceousVegetation,HerbaceousVegetation
HerbaceousVegetation,HerbaceousVegetation
HerbaceousVegetation,HerbaceousVegetation
HerbaceousVegetation,HerbaceousVegetation
HerbaceousVegetation,HerbaceousVegetation
HerbaceousVegetation,HerbaceousVegetation
HerbaceousVegetation,HerbaceousVegetation
HerbaceousVegetation,HerbaceousVegetation
HerbaceousVegetation,HerbaceousVegetation
HerbaceousVegetation,HerbaceousVegetation
HerbaceousVegetation,HerbaceousVegetation
HerbaceousVegetation,HerbaceousVegetation
HerbaceousVegetation,HerbaceousVegetation
HerbaceousVegetation,HerbaceousVegetation
HerbaceousVegetation,HerbaceousVegetation
HerbaceousVegetation,HerbaceousVegetation
HerbaceousVegetation,HerbaceousVegetation
HerbaceousVegetation,HerbaceousVegetation
HerbaceousVegetation,HerbaceousVegetation
HerbaceousVegetation,HerbaceousVegetation
HerbaceousVegetation,HerbaceousVegetation
HerbaceousVegetation,HerbaceousVegetation
HerbaceousVegetation,HerbaceousVegetation
HerbaceousVegetation,HerbaceousVegetation
HerbaceousVegetation,HerbaceousVegetation
HerbaceousVegetation,HerbaceousVegetation
HerbaceousVegetation,HerbaceousVegetation
HerbaceousVegetation,HerbaceousVegetation
HerbaceousVegetation,HerbaceousVegetation
HerbaceousVegetation,HerbaceousVegetation
HerbaceousVegetation,HerbaceousVegetation
HerbaceousVegetation,HerbaceousVegetation
HerbaceousVegetation,HerbaceousVegetation
HerbaceousVegetation,HerbaceousVegetation
HerbaceousVegetation,HerbaceousVegetation
HerbaceousVegetation,HerbaceousVegetation
HerbaceousVegetation,HerbaceousVegetation
HerbaceousVegetation,HerbaceousVegetation
HerbaceousVegetation,HerbaceousVegetation
HerbaceousVegetation,HerbaceousVegetation
HerbaceousVegetation,HerbaceousVegetation
HerbaceousVegetation,HerbaceousVegetation
HerbaceousVegetation,HerbaceousVegetation
HerbaceousVegetation,HerbaceousVegetation
HerbaceousVegetation,HerbaceousVegetation
HerbaceousVegetation,HerbaceousVegetation
HerbaceousVegetation,HerbaceousVegetation
HerbaceousVegetation,HerbaceousVegetation
HerbaceousVegetation,HerbaceousVegetation
HerbaceousVegetation,HerbaceousVegetation
HerbaceousVegetation,HerbaceousVegetation
HerbaceousVegetation,HerbaceousVegetation
HerbaceousVegetation,HerbaceousVegetation
HerbaceousVegetation,HerbaceousVegetation
HerbaceousVegetation,HerbaceousVegetation
HerbaceousVegetation,HerbaceousVegetation
HerbaceousVegetation,HerbaceousVegetation
HerbaceousVegetation,HerbaceousVegetation
HerbaceousVegetation,HerbaceousVegetation
HerbaceousVegetation,HerbaceousVegetation
HerbaceousVegetation,HerbaceousVegetation
HerbaceousVegetation,HerbaceousVegetation
HerbaceousVegetation,HerbaceousVegetation
HerbaceousVegetation,HerbaceousVegetation
HerbaceousVegetation,HerbaceousVegetation
HerbaceousVegetation,HerbaceousVegetation
HerbaceousVegetation,HerbaceousVegetation
HerbaceousVegetation,HerbaceousVegetation
HerbaceousVegetation,HerbaceousVegetation
HerbaceousVegetation,HerbaceousVegetation
HerbaceousVegetation,HerbaceousVegetation
HerbaceousVegetation,HerbaceousVegetation
HerbaceousVegetation,HerbaceousVegetation
HerbaceousVegetation,HerbaceousVegetation
HerbaceousVegetation,HerbaceousVegetation
HerbaceousVegetation,HerbaceousVegetation
HerbaceousVegetation,HerbaceousVegetation
HerbaceousVegetation,HerbaceousVegetation
HerbaceousVegetation,HerbaceousVegetation
HerbaceousVegetation,HerbaceousVegetation
HerbaceousVegetation,HerbaceousVegetation
HerbaceousVegetation,HerbaceousVegetation
HerbaceousVegetation,HerbaceousVegetation
HerbaceousVegetation,HerbaceousVegetation
HerbaceousVegetation,HerbaceousVegetation
HerbaceousVegetation,HerbaceousVegetation
HerbaceousVegetation,HerbaceousVegetation
HerbaceousVegetation,HerbaceousVegetation
HerbaceousVegetation,HerbaceousVegetation
HerbaceousVegetation,HerbaceousVegetation
HerbaceousVegetation,HerbaceousVegetation
HerbaceousVegetation,HerbaceousVegetation
HerbaceousVegetation,HerbaceousVegetation
HerbaceousVegetation,HerbaceousVegetation
HerbaceousVegetation,HerbaceousVegetation
HerbaceousVegetation,HerbaceousVegetation
HerbaceousVegetation,HerbaceousVegetation
HerbaceousVegetation,HerbaceousVegetation
HerbaceousVegetation,HerbaceousVegetation
HerbaceousVegetation,HerbaceousVegetation
HerbaceousVegetation,HerbaceousVegetation
HerbaceousVegetation,HerbaceousVegetation
HerbaceousVegetation,HerbaceousVegetation
HerbaceousVegetation,HerbaceousVegetation
HerbaceousVegetation,HerbaceousVegetation
HerbaceousVegetation,HerbaceousVegetation
HerbaceousVegetation,HerbaceousVegetation
HerbaceousVegetation,HerbaceousVegetation
HerbaceousVegetation,HerbaceousVegetation
HerbaceousVegetation,HerbaceousVegetation
HerbaceousVegetation,HerbaceousVegetation
HerbaceousVegetation,HerbaceousVegetation
HerbaceousVegetation,HerbaceousVegetation
HerbaceousVegetation,HerbaceousVegetation
HerbaceousVegetation,HerbaceousVegetation
HerbaceousVegetation,HerbaceousVegetation
HerbaceousVegetation,HerbaceousVegetation
HerbaceousVegetation,HerbaceousVegetation
HerbaceousVegetation,HerbaceousVegetation
HerbaceousVegetation,HerbaceousVegetation
HerbaceousVegetation,HerbaceousVegetation
HerbaceousVegetation,PermanentCrop
HerbaceousVegetation,HerbaceousVegetation
HerbaceousVegetation,HerbaceousVegetation
HerbaceousVegetation,HerbaceousVegetation
HerbaceousVegetation,HerbaceousVegetation
HerbaceousVegetation,HerbaceousVegetation
HerbaceousVegetation,HerbaceousVegetation
HerbaceousVegetation,HerbaceousVegetation
HerbaceousVegetation,HerbaceousVegetation
HerbaceousVegetation,HerbaceousVegetation
HerbaceousVegetation,HerbaceousVegetation
HerbaceousVegetation,HerbaceousVegetation
HerbaceousVegetation,HerbaceousVegetation
HerbaceousVegetation,HerbaceousVegetation
HerbaceousVegetation,HerbaceousVegetation
HerbaceousVegetation,HerbaceousVegetation
HerbaceousVegetation,HerbaceousVegetation
HerbaceousVegetation,HerbaceousVegetation
HerbaceousVegetation,HerbaceousVegetation
HerbaceousVegetation,HerbaceousVegetation
HerbaceousVegetation,HerbaceousVegetation
HerbaceousVegetation,HerbaceousVegetation
HerbaceousVegetation,HerbaceousVegetation
HerbaceousVegetation,HerbaceousVegetation
HerbaceousVegetation,HerbaceousVegetation
HerbaceousVegetation,HerbaceousVegetation
HerbaceousVegetation,HerbaceousVegetation
HerbaceousVegetation,HerbaceousVegetation
HerbaceousVegetation,HerbaceousVegetation
HerbaceousVegetation,HerbaceousVegetation
HerbaceousVegetation,HerbaceousVegetation
HerbaceousVegetation,HerbaceousVegetation
HerbaceousVegetation,HerbaceousVegetation
HerbaceousVegetation,HerbaceousVegetation
HerbaceousVegetation,HerbaceousVegetation
HerbaceousVegetation,HerbaceousVegetation
HerbaceousVegetation,HerbaceousVegetation
HerbaceousVegetation,HerbaceousVegetation
HerbaceousVegetation,HerbaceousVegetation
HerbaceousVegetation,HerbaceousVegetation
HerbaceousVegetation,HerbaceousVegetation
HerbaceousVegetation,HerbaceousVegetation
HerbaceousVegetation,HerbaceousVegetation
HerbaceousVegetation,HerbaceousVegetation
HerbaceousVegetation,HerbaceousVegetation
HerbaceousVegetation,HerbaceousVegetation
HerbaceousVegetation,HerbaceousVegetation
HerbaceousVegetation,HerbaceousVegetation
HerbaceousVegetation,HerbaceousVegetation
HerbaceousVegetation,HerbaceousVegetation
HerbaceousVegetation,HerbaceousVegetation
HerbaceousVegetation,HerbaceousVegetation
HerbaceousVegetation,HerbaceousVegetation
HerbaceousVegetation,HerbaceousVegetation
HerbaceousVegetation,HerbaceousVegetation
HerbaceousVegetation,HerbaceousVegetation
HerbaceousVegetation,HerbaceousVegetation
HerbaceousVegetation,HerbaceousVegetation
HerbaceousVegetation,HerbaceousVegetation
HerbaceousVegetation,HerbaceousVegetation
HerbaceousVegetation,HerbaceousVegetation
HerbaceousVegetation,HerbaceousVegetation
HerbaceousVegetation,HerbaceousVegetation
HerbaceousVegetation,HerbaceousVegetation
HerbaceousVegetation,HerbaceousVegetation
HerbaceousVegetation,HerbaceousVegetation
HerbaceousVegetation,HerbaceousVegetation
HerbaceousVegetation,HerbaceousVegetation
HerbaceousVegetation,HerbaceousVegetation
HerbaceousVegetation,HerbaceousVegetation
HerbaceousVegetation,HerbaceousVegetation
HerbaceousVegetation,HerbaceousVegetation
HerbaceousVegetation,HerbaceousVegetation
HerbaceousVegetation,HerbaceousVegetation
HerbaceousVegetation,HerbaceousVegetation
HerbaceousVegetation,HerbaceousVegetation
HerbaceousVegetation,HerbaceousVegetation
HerbaceousVegetation,HerbaceousVegetation
HerbaceousVegetation,HerbaceousVegetation
HerbaceousVegetation,HerbaceousVegetation
HerbaceousVegetation,HerbaceousVegetation
HerbaceousVegetation,HerbaceousVegetation
Highway,Highway
Highway,Highway
Highway,Highway
Highway,Highway
Highway,Highway
Highway,Highway
Highway,Highway
Highway,Highway
Highway,Highway
Highway,Highway
Highway,Highway
Highway,Highway
Highway,Highway
Highway,Highway
Highway,Highway
Highway,Highway
Highway,Highway
Highway,Highway
Highway,Highway
Highway,Highway
Highway,Highway
Highway,Highway
Highway,Highway
Highway,Highway
Highway,Highway
Highway,Highway
Highway,Highway
Highway,Highway
Highway,Highway
Highway,Highway
Highway,Highway
Highway,Highway
Highway,Highway
Highway,Highway
Highway,Highway
Highway,Highway
Highway,Highway
Highway,Highway
Highway,Highway
Highway,Highway
Highway,Highway
Highway,Highway
Highway,Highway
Highway,Highway
Highway,Highway
Highway,Highway
Highway,Highway
Highway,Highway
Highway,Highway
Highway,Highway
Highway,Highway
Highway,Highway
Highway,Highway
Highway,Highway
Highway,Highway
Highway,Highway
Highway,Highway
Highway,Highway
Highway,Highway
Highway,Highway
Highway,Highway
Highway,Highway
Highway,Highway
Highway,Highway
Highway,Highway
Highway,Highway
Highway,Highway
Highway,Highway
Highway,Highway
Highway,Highway
Highway,Highway
Highway,Highway
Highway,Highway
Highway,Highway
Highway,Highway
Highway,Highway
Highway,Highway
Highway,Highway
Highway,Highway
Highway,Highway
Highway,Highway
Highway,Highway
Highway,Highway
Highway,Highway
Highway,Highway
Highway,Highway
Highway,Highway
Highway,Highway
Highway,Highway
Highway,Highway
Highway,Highway
Highway,Highway
Highway,Highway
Highway,Highway
Highway,Highway
Highway,Highway
Highway,Highway
Highway,Highway
Highway,Highway
Highway,Highway
Highway,Highway
Highway,Highway
Highway,Highway
Highway,Highway
Highway,Highway
Highway,Highway
Highway,Highway
Highway,Highway
Highway,Highway
Highway,Highway
Highway,Highway
Highway,Highway
Highway,Highway
Highway,Highway
Highway,Highway
Highway,Highway
Highway,Highway
Highway,Highway
Highway,Highway
Highway,Highway
Highway,Highway
Highway,Highway
Highway,Highway
Highway,Highway
Highway,Highway
Highway,Highway
Highway,Highway
Highway,Highway
Highway,Highway
Highway,Highway
Highway,Highway
Highway,Highway
Highway,Highway
Highway,Highway
Highway,Highway
Highway,Highway
Highway,Highway
Highway,Highway
Highway,Highway
Highway,Highway
Highway,Highway
Highway,Highway
Highway,Highway
Highway,Highway
Highway,Highway
Highway,Highway
Highway,Highway
Highway,Highway
Highway,Highway
Highway,Highway
Highway,Highway
Highway,Highway
Highway,Highway
Highway,Highway
Highway,Highway
Highway,Highway
Highway,Highway
Highway,Highway
Highway,Highway
Highway,Highway
Highway,Highway
Highway,Highway
Highway,Highway
Highway,Highway
Highway,Highway
Highway,Highway
Highway,Highway
Highway,Highway
Highway,Highway
Highway,Highway
Highway,Highway
Highway,Highway
Highway,Highway
Highway,Highway
Highway,Highway
Highway,Highway
Highway,Highway
Highway,Highway
Highway,Highway
Highway,Highway
Highway,Highway
Highway,Highway
Highway,Highway
Highway,Highway
Highway,Highway
Highway,Highway
Highway,Highway
Highway,Highway
Highway,Highway
Highway,Highway
Highway,Highway
Highway,Highway
Highway,Highway
Highway,Highway
Highway,PermanentCrop
Highway,Highway
Highway,Highway
Highway,Highway
Highway,Highway
Highway,Highway
Highway,Highway
Highway,Highway
Highway,Highway
Highway,Highway
Highway,Highway
Highway,Highway
Highway,Highway
Highway,Highway
Highway,Highway
Highway,Highway
Highway,Highway
Highway,Highway
Highway,Highway
Highway,Highway
Highway,Highway
Highway,Highway
Highway,Highway
Highway,Highway
Highway,Highway
Highway,Highway
Highway,Highway
Highway,Highway
Highway,Highway
Highway,Highway
Highway,Highway
Highway,Highway
Highway,Highway
Highway,Highway
Highway,Highway
Highway,Highway
Highway,Highway
Highway,Highway
Highway,Highway
Highway,Highway
Highway,Highway
Highway,Highway
Highway,Highway
Highway,Highway
Highway,Highway
Highway,Highway
Highway,Highway
Highway,Highway
Highway,Highway
Highway,Highway
Highway,Highway
Highway,Highway
Highway,Highway
Highway,Highway
Highway,Highway
Highway,Highway
Industrial,Industrial
Industrial,Industrial
Industrial,Industrial
Industrial,Industrial
Industrial,Industrial
Industrial,Industrial
Industrial,Industrial
Industrial,Industrial
Industrial,Industrial
Industrial,Industrial
Industrial,Industrial
Industrial,Industrial
Industrial,Industrial
Industrial,Industrial
Industrial,Industrial
Industrial,Industrial
Industrial,Industrial
Industrial,Industrial
Industrial,Industrial
Industrial,Industrial
Industrial,Industrial
Industrial,Industrial
Industrial,Industrial
Industrial,Industrial
Industrial,Industrial
Industrial,Industrial
Industrial,Industrial
Industrial,Industrial
Industrial,Industrial
Industrial,Industrial
Industrial,Industrial
Industrial,Industrial
Industrial,Industrial
Industrial,Industrial
Industrial,Industrial
Industrial,Industrial
Industrial,Industrial
Industrial,Industrial
Industrial,Industrial
Industrial,Industrial
Industrial,Industrial
Industrial,Industrial
Industrial,Industrial
Industrial,Industrial
Industrial,Industrial
Industrial,Industrial
Industrial,Industrial
Industrial,Industrial
Industrial,Industrial
Industrial,Industrial
Industrial,Industrial
Industrial,Industrial
Industrial,Residential
Industrial,Industrial
Industrial,Industrial
Industrial,Industrial
Industrial,Industrial
Industrial,Industrial
Industrial,Industrial
Industrial,Industrial
Industrial,Industrial
Industrial,Industrial
Industrial,Industrial
Industrial,Industrial
Industrial,Industrial
Industrial,Industrial
Industrial,Industrial
Industrial,Industrial
Industrial,Industrial
Industrial,Industrial
Industrial,Industrial
Industrial,Industrial
Industrial,Industrial
Industrial,Industrial
Industrial,Industrial
Industrial,Industrial
Industrial,Industrial
Industrial,Industrial
Industrial,Industrial
Industrial,Industrial
Industrial,Industrial
Industrial,Industrial
Industrial,Industrial
Industrial,Industrial
Industrial,Industrial
Industrial,Industrial
Industrial,Industrial
Industrial,Industrial
Industrial,Industrial
Industrial,Industrial
Industrial,Industrial
Industrial,Industrial
Industrial,Industrial
Industrial,Industrial
Industrial,Industrial
Industrial,Industrial
Industrial,Industrial
Industrial,Industrial
Industrial,Industrial
Industrial,Industrial
Industrial,Industrial
Industrial,Industrial
Industrial,Industrial
Industrial,Industrial
Industrial,Industrial
Industrial,Industrial
Industrial,Industrial
Industrial,Industrial
Industrial,Industrial
Industrial,Industrial
Industrial,Industrial
Industrial,Industrial
Industrial,Industrial
Industrial,Industrial
Industrial,Residential
Industrial,Industrial
Industrial,Industrial
Industrial,Industrial
Industrial,Industrial
Industrial,Industrial
Industrial,Industrial
Industrial,Industrial
Industrial,Industrial
Industrial,Industrial
Industrial,Industrial
Industrial,Industrial
Industrial,Industrial
Industrial,Industrial
Industrial,Industrial
Industrial,Industrial
Industrial,Industrial
Industrial,Industrial
Industrial,Industrial
Industrial,Industrial
Industrial,Industrial
Industrial,Industrial
Industrial,Industrial
Industrial,Industrial
Industrial,Industrial
Industrial,Industrial
Industrial,Industrial
Industrial,Industrial
Industrial,Industrial
Industrial,Industrial
Industrial,Industrial
Industrial,Residential
Industrial,Industrial
Industrial,Industrial
Industrial,Industrial
Industrial,Industrial
Industrial,Industrial
Industrial,Industrial
Industrial,Industrial
Industrial,Industrial
Industrial,Industrial
Industrial,Industrial
Industrial,Industrial
Industrial,Industrial
Industrial,Industrial
Industrial,Industrial
Industrial,Industrial
Industrial,Industrial
Industrial,Industrial
Industrial,Industrial
Industrial,Industrial
Industrial,Industrial
Industrial,Industrial
Industrial,Industrial
Industrial,Industrial
Industrial,Industrial
Industrial,Industrial
Industrial,Industrial
Industrial,Industrial
Industrial,Industrial
Industrial,Industrial
Industrial,Industrial
Industrial,Industrial
Industrial,Industrial
Industrial,Industrial
Industrial,Industrial
Industrial,Industrial
Industrial,Industrial
Industrial,Industrial
Industrial,Industrial
Industrial,Industrial
Industrial,Industrial
Industrial,Industrial
Industrial,Industrial
Industrial,Industrial
Industrial,Industrial
Industrial,Industrial
Industrial,Industrial
Industrial,Industrial
Industrial,Residential
Industrial,Industrial
Industrial,Industrial
Industrial,Industrial
Industrial,Industrial
Industrial,Industrial
Industrial,Industrial
Industrial,Industrial
Industrial,Industrial
Industrial,Industrial
Industrial,Industrial
Industrial,Industrial
Industrial,Industrial
Industrial,Industrial
Industrial,Industrial
Industrial,Industrial
Industrial,Industrial
Industrial,Industrial
Industrial,Industrial
Industrial,Industrial
Industrial,Industrial
Industrial,Industrial
Industrial,Industrial
Industrial,Industrial
Industrial,Industrial
Industrial,Industrial
Industrial,Industrial
Industrial,Industrial
Industrial,Industrial
Industrial,Industrial
Industrial,Industrial
Industrial,Industrial
Industrial,Industrial
Industrial,Industrial
Industrial,Industrial
Industrial,Industrial
Industrial,Industrial
Industrial,Industrial
Industrial,Industrial
Industrial,Industrial
Industrial,Industrial
Industrial,Industrial
Industrial,Industrial
Industrial,Industrial
Industrial,Industrial
Industrial,Industrial
Industrial,Industrial
Industrial,Industrial
Industrial,Industrial
Industrial,Industrial
Industrial,Industrial
Industrial,Industrial
Industrial,Industrial
Industrial,Industrial
Industrial,Industrial
Industrial,Industrial
Industrial,Industrial
Pasture,Pasture
Pasture,Pasture
Pasture,Pasture
Pasture,Pasture
Pasture,Pasture
Pasture,Pasture
Pasture,Pasture
Pasture,Pasture
Pasture,Pasture
Pasture,Pasture
Pasture,Pasture
Pasture,Pasture
Pasture,Pasture
Pasture,Pasture
Pasture,Pasture
Pasture,Pasture
Pasture,Pasture
Pasture,Pasture
Pasture,AnnualCrop
Pasture,Pasture
Pasture,Pasture
Pasture,Pasture
Pasture,Pasture
Pasture,Pasture
Pasture,Pasture
Pasture,Pasture
Pasture,Pasture
Pasture,Pasture
Pasture,Pasture
Pasture,Pasture
Pasture,Pasture
Pasture,Pasture
Pasture,Pasture
Pasture,HerbaceousVegetation
Pasture,Pasture
Pasture,Pasture
Pasture,Pasture
Pasture,Pasture
Pasture,Pasture
Pasture,Pasture
Pasture,Pasture
Pasture,Pasture
Pasture,Pasture
Pasture,Pasture
Pasture,Pasture
Pasture,Pasture
Pasture,Pasture
Pasture,Pasture
Pasture,Pasture
Pasture,Pasture
Pasture,Pasture
Pasture,Pasture
Pasture,Pasture
Pasture,Pasture
Pasture,HerbaceousVegetation
Pasture,Pasture
Pasture,Pasture
Pasture,Pasture
Pasture,Pasture
Pasture,Pasture
Pasture,Pasture
Pasture,Pasture
Pasture,Pasture
Pasture,Pasture
Pasture,Pasture
Pasture,Pasture
Pasture,Pasture
Pasture,Pasture
Pasture,Pasture
Pasture,Pasture
Pasture,Pasture
Pasture,Pasture
Pasture,Pasture
Pasture,Pasture
Pasture,Pasture
Pasture,Pasture
Pasture,Pasture
Pasture,Pasture
Pasture,Pasture
Pasture,Pasture
Pasture,Pasture
Pasture,Pasture
Pasture,Pasture
Pasture,Pasture
Pasture,Pasture
Pasture,Pasture
Pasture,Pasture
Pasture,Pasture
Pasture,Pasture
Pasture,Pasture
Pasture,Pasture
Pasture,Pasture
Pasture,Pasture
Pasture,Pasture
Pasture,Pasture
Pasture,Pasture
Pasture,Pasture
Pasture,Pasture
Pasture,Pasture
Pasture,Pasture
Pasture,Pasture
Pasture,Pasture
Pasture,Pasture
Pasture,Pasture
Pasture,Pasture
Pasture,Pasture
Pasture,Pasture
Pasture,Pasture
Pasture,Pasture
Pasture,Pasture
Pasture,Pasture
Pasture,Pasture
Pasture,Pasture
Pasture,Pasture
Pasture,Pasture
Pasture,Pasture
Pasture,Pasture
Pasture,Pasture
Pasture,Pasture
Pasture,Pasture
Pasture,Pasture
Pasture,Pasture
Pasture,Pasture
Pasture,Pasture
Pasture,Pasture
Pasture,Pasture
Pasture,Pasture
Pasture,Pasture
Pasture,Pasture
Pasture,Pasture
Pasture,Pasture
Pasture,Pasture
Pasture,Pasture
Pasture,Pasture
Pasture,Pasture
Pasture,Pasture
Pasture,Pasture
Pasture,Pasture
Pasture,Pasture
Pasture,Pasture
Pasture,Pasture
Pasture,Pasture
Pasture,Pasture
Pasture,Pasture
Pasture,Pasture
Pasture,Pasture
Pasture,Pasture
Pasture,Pasture
Pasture,Pasture
Pasture,Pasture
Pasture,Pasture
Pasture,Pasture
Pasture,Pasture
Pasture,Pasture
Pasture,Pasture
Pasture,Pasture
Pasture,Pasture
Pasture,Pasture
Pasture,Pasture
Pasture,Pasture
Pasture,Pasture
Pasture,Pasture
Pasture,Pasture
Pasture,Pasture
Pasture,Pasture
Pasture,Pasture
Pasture,Pasture
Pasture,Pasture
Pasture,Pasture
Pasture,Pasture
Pasture,Pasture
Pasture,Pasture
Pasture,Pasture
Pasture,Pasture
Pasture,Pasture
Pasture,Pasture
Pasture,Pasture
Pasture,Pasture
Pasture,Pasture
Pasture,Pasture
Pasture,Pasture
Pasture,Pasture
Pasture,Pasture
Pasture,Pasture
Pasture,Pasture
Pasture,Pasture
Pasture,Pasture
Pasture,Pasture
Pasture,Pasture
Pasture,Pasture
Pasture,Pasture
Pasture,Pasture
Pasture,Pasture
Pasture,Pasture
Pasture,Pasture
Pasture,Pasture
Pasture,Pasture
Pasture,Pasture
Pasture,Pasture
Pasture,Pasture
PermanentCrop,PermanentCrop
PermanentCrop,PermanentCrop
PermanentCrop,PermanentCrop
PermanentCrop,PermanentCrop
PermanentCrop,PermanentCrop
PermanentCrop,PermanentCrop
PermanentCrop,PermanentCrop
PermanentCrop,PermanentCrop
PermanentCrop,PermanentCrop
PermanentCrop,PermanentCrop
PermanentCrop,PermanentCrop
PermanentCrop,PermanentCrop
PermanentCrop,PermanentCrop
PermanentCrop,PermanentCrop
PermanentCrop,PermanentCrop
PermanentCrop,PermanentCrop
PermanentCrop,PermanentCrop
PermanentCrop,PermanentCrop
PermanentCrop,PermanentCrop
PermanentCrop,PermanentCrop
PermanentCrop,PermanentCrop
PermanentCrop,PermanentCrop
PermanentCrop,PermanentCrop
PermanentCrop,PermanentCrop
PermanentCrop,PermanentCrop
PermanentCrop,PermanentCrop
PermanentCrop,PermanentCrop
PermanentCrop,PermanentCrop
PermanentCrop,PermanentCrop
PermanentCrop,PermanentCrop
PermanentCrop,PermanentCrop
PermanentCrop,PermanentCrop
PermanentCrop,PermanentCrop
PermanentCrop,PermanentCrop
PermanentCrop,PermanentCrop
PermanentCrop,PermanentCrop
PermanentCrop,PermanentCrop
PermanentCrop,PermanentCrop
PermanentCrop,PermanentCrop
PermanentCrop,PermanentCrop
PermanentCrop,PermanentCrop
PermanentCrop,PermanentCrop
PermanentCrop,PermanentCrop
PermanentCrop,PermanentCrop
PermanentCrop,PermanentCrop
PermanentCrop,PermanentCrop
PermanentCrop,PermanentCrop
PermanentCrop,PermanentCrop
PermanentCrop,PermanentCrop
PermanentCrop,PermanentCrop
PermanentCrop,HerbaceousVegetation
PermanentCrop,PermanentCrop
PermanentCrop,PermanentCrop
PermanentCrop,PermanentCrop
PermanentCrop,PermanentCrop
PermanentCrop,PermanentCrop
PermanentCrop,PermanentCrop
PermanentCrop,PermanentCrop
PermanentCrop,PermanentCrop
PermanentCrop,PermanentCrop
PermanentCrop,PermanentCrop
PermanentCrop,PermanentCrop
PermanentCrop,PermanentCrop
PermanentCrop,PermanentCrop
PermanentCrop,PermanentCrop
PermanentCrop,PermanentCrop
PermanentCrop,PermanentCrop
PermanentCrop,PermanentCrop
PermanentCrop,PermanentCrop
PermanentCrop,PermanentCrop
PermanentCrop,PermanentCrop
PermanentCrop,PermanentCrop
PermanentCrop,PermanentCrop
PermanentCrop,PermanentCrop
PermanentCrop,PermanentCrop
PermanentCrop,PermanentCrop
PermanentCrop,PermanentCrop
PermanentCrop,PermanentCrop
PermanentCrop,PermanentCrop
PermanentCrop,PermanentCrop
PermanentCrop,PermanentCrop
PermanentCrop,PermanentCrop
PermanentCrop,PermanentCrop
PermanentCrop,PermanentCrop
PermanentCrop,PermanentCrop
PermanentCrop,PermanentCrop
PermanentCrop,PermanentCrop
PermanentCrop,PermanentCrop
PermanentCrop,PermanentCrop
PermanentCrop,PermanentCrop
PermanentCrop,PermanentCrop
PermanentCrop,PermanentCrop
PermanentCrop,PermanentCrop
PermanentCrop,PermanentCrop
PermanentCrop,PermanentCrop
PermanentCrop,PermanentCrop
PermanentCrop,PermanentCrop
PermanentCrop,PermanentCrop
PermanentCrop,PermanentCrop
PermanentCrop,PermanentCrop
PermanentCrop,PermanentCrop
PermanentCrop,PermanentCrop
PermanentCrop,PermanentCrop
PermanentCrop,PermanentCrop
PermanentCrop,PermanentCrop
PermanentCrop,PermanentCrop
PermanentCrop,PermanentCrop
PermanentCrop,PermanentCrop
PermanentCrop,PermanentCrop
PermanentCrop,PermanentCrop
PermanentCrop,PermanentCrop
PermanentCrop,PermanentCrop
PermanentCrop,PermanentCrop
PermanentCrop,PermanentCrop
PermanentCrop,PermanentCrop
PermanentCrop,PermanentCrop
PermanentCrop,PermanentCrop
PermanentCrop,PermanentCrop
PermanentCrop,PermanentCrop
PermanentCrop,PermanentCrop
PermanentCrop,PermanentCrop
PermanentCrop,PermanentCrop
PermanentCrop,PermanentCrop
PermanentCrop,PermanentCrop
PermanentCrop,PermanentCrop
PermanentCrop,PermanentCrop
PermanentCrop,PermanentCrop
PermanentCrop,PermanentCrop
PermanentCrop,PermanentCrop
PermanentCrop,PermanentCrop
PermanentCrop,PermanentCrop
PermanentCrop,PermanentCrop
PermanentCrop,PermanentCrop
PermanentCrop,PermanentCrop
PermanentCrop,PermanentCrop
PermanentCrop,PermanentCrop
PermanentCrop,PermanentCrop
PermanentCrop,PermanentCrop
PermanentCrop,PermanentCrop
PermanentCrop,PermanentCrop
PermanentCrop,PermanentCrop
PermanentCrop,PermanentCrop
PermanentCrop,PermanentCrop
PermanentCrop,PermanentCrop
PermanentCrop,PermanentCrop
PermanentCrop,PermanentCrop
PermanentCrop,PermanentCrop
PermanentCrop,PermanentCrop
PermanentCrop,PermanentCrop
PermanentCrop,PermanentCrop
PermanentCrop,PermanentCrop
PermanentCrop,PermanentCrop
PermanentCrop,PermanentCrop
PermanentCrop,PermanentCrop
PermanentCrop,PermanentCrop
PermanentCrop,PermanentCrop
PermanentCrop,PermanentCrop
PermanentCrop,PermanentCrop
PermanentCrop,PermanentCrop
PermanentCrop,PermanentCrop
PermanentCrop,PermanentCrop
PermanentCrop,PermanentCrop
PermanentCrop,PermanentCrop
PermanentCrop,PermanentCrop
PermanentCrop,PermanentCrop
PermanentCrop,PermanentCrop
PermanentCrop,PermanentCrop
PermanentCrop,PermanentCrop
PermanentCrop,PermanentCrop
PermanentCrop,PermanentCrop
PermanentCrop,PermanentCrop
PermanentCrop,PermanentCrop
PermanentCrop,PermanentCrop
PermanentCrop,PermanentCrop
PermanentCrop,PermanentCrop
PermanentCrop,PermanentCrop
PermanentCrop,PermanentCrop
PermanentCrop,PermanentCrop
PermanentCrop,PermanentCrop
PermanentCrop,PermanentCrop
PermanentCrop,PermanentCrop
PermanentCrop,PermanentCrop
PermanentCrop,PermanentCrop
PermanentCrop,PermanentCrop
PermanentCrop,PermanentCrop
PermanentCrop,PermanentCrop
PermanentCrop,PermanentCrop
PermanentCrop,PermanentCrop
PermanentCrop,PermanentCrop
PermanentCrop,PermanentCrop
PermanentCrop,PermanentCrop
PermanentCrop,PermanentCrop
PermanentCrop,PermanentCrop
PermanentCrop,PermanentCrop
PermanentCrop,PermanentCrop
PermanentCrop,PermanentCrop
PermanentCrop,PermanentCrop
PermanentCrop,PermanentCrop
PermanentCrop,PermanentCrop
PermanentCrop,PermanentCrop
PermanentCrop,PermanentCrop
PermanentCrop,PermanentCrop
PermanentCrop,PermanentCrop
PermanentCrop,PermanentCrop
PermanentCrop,PermanentCrop
PermanentCrop,PermanentCrop
PermanentCrop,PermanentCrop
PermanentCrop,HerbaceousVegetation
PermanentCrop,PermanentCrop
PermanentCrop,PermanentCrop
PermanentCrop,PermanentCrop
PermanentCrop,PermanentCrop
PermanentCrop,PermanentCrop
PermanentCrop,PermanentCrop
PermanentCrop,PermanentCrop
PermanentCrop,PermanentCrop
PermanentCrop,PermanentCrop
PermanentCrop,PermanentCrop
PermanentCrop,PermanentCrop
PermanentCrop,PermanentCrop
PermanentCrop,PermanentCrop
PermanentCrop,PermanentCrop
PermanentCrop,PermanentCrop
PermanentCrop,PermanentCrop
PermanentCrop,PermanentCrop
PermanentCrop,PermanentCrop
PermanentCrop,AnnualCrop
PermanentCrop,PermanentCrop
PermanentCrop,PermanentCrop
PermanentCrop,PermanentCrop
PermanentCrop,PermanentCrop
PermanentCrop,PermanentCrop
PermanentCrop,PermanentCrop
PermanentCrop,PermanentCrop
PermanentCrop,PermanentCrop
PermanentCrop,PermanentCrop
PermanentCrop,PermanentCrop
PermanentCrop,PermanentCrop
PermanentCrop,PermanentCrop
PermanentCrop,PermanentCrop
PermanentCrop,PermanentCrop
PermanentCrop,HerbaceousVegetation
PermanentCrop,PermanentCrop
PermanentCrop,PermanentCrop
PermanentCrop,PermanentCrop
PermanentCrop,PermanentCrop
PermanentCrop,PermanentCrop
PermanentCrop,PermanentCrop
PermanentCrop,PermanentCrop
PermanentCrop,PermanentCrop
Residential,Residential
Residential,Residential
Residential,Residential
Residential,Residential
Residential,Residential
Residential,Residential
Residential,Residential
Residential,Residential
Residential,Residential
Residential,Residential
Residential,Residential
Residential,Residential
Residential,Residential
Residential,Residential
Residential,Residential
Residential,Residential
Residential,Residential
Residential,Residential
Residential,Residential
Residential,Residential
Residential,Residential
Residential,Residential
Residential,Residential
Residential,Residential
Residential,Residential
Residential,Residential
Residential,Residential
Residential,Residential
Residential,Residential
Residential,Residential
Residential,Residential
Residential,Residential
Residential,Residential
Residential,Residential
Residential,Residential
Residential,Residential
Residential,Residential
Residential,Residential
Residential,Residential
Residential,Residential
Residential,Residential
Residential,Residential
Residential,Residential
Residential,Residential
Residential,Residential
Residential,Residential
Residential,Residential
Residential,Residential
Residential,Residential
Residential,Residential
Residential,Residential
Residential,Residential
Residential,Residential
Residential,Residential
Residential,Residential
Residential,Residential
Residential,Residential
Residential,Residential
Residential,Residential
Residential,Residential
Residential,Residential
Residential,Residential
Residential,Residential
Residential,Residential
Residential,Residential
Residential,Residential
Residential,Residential
Residential,Residential
Residential,Residential
Residential,Residential
Residential,Residential
Residential,Residential
Residential,Residential
Residential,Residential
Residential,Residential
Residential,Residential
Residential,Residential
Residential,Residential
Residential,Residential
Residential,Residential
Residential,Residential
Residential,Residential
Residential,Residential
Residential,Residential
Residential,Residential
Residential,Residential
Residential,Residential
Residential,Residential
Residential,Residential
Residential,Residential
Residential,Residential
Residential,Residential
Residential,Residential
Residential,Residential
Residential,Residential
Residential,Residential
Residential,Residential
Residential,Residential
Residential,Residential
Residential,Residential
Residential,Residential
Residential,Residential
Residential,Residential
Residential,Residential
Residential,Residential
Residential,Residential
Residential,Residential
Residential,Residential
Residential,Residential
Residential,Residential
Residential,Residential
Residential,Residential
Residential,Residential
Residential,Residential
Residential,Residential
Residential,Residential
Residential,Residential
Residential,Residential
Residential,Residential
Residential,Residential
Residential,Residential
Residential,Residential
Residential,Residential
Residential,Residential
Residential,Residential
Residential,Residential
Residential,Residential
Residential,Residential
Residential,Residential
Residential,Residential
Residential,Residential
Residential,Residential
Residential,Residential
Residential,Residential
Residential,Residential
Residential,Residential
Residential,Residential
Residential,Residential
Residential,Residential
Residential,Residential
Residential,Residential
Residential,Residential
Residential,Residential
Residential,Residential
Residential,Residential
Residential,Residential
Residential,Residential
Residential,Residential
Residential,Residential
Residential,Residential
Residential,Residential
Residential,Residential
Residential,Residential
Residential,Residential
Residential,Residential
Residential,Residential
Residential,Residential
Residential,Residential
Residential,Residential
Residential,Residential
Residential,Residential
Residential,Residential
Residential,Residential
Residential,Residential
Residential,Residential
Residential,Residential
Residential,Residential
Residential,Residential
Residential,Residential
Residential,Residential
Residential,Residential
Residential,Residential
Residential,Residential
Residential,Residential
Residential,Residential
Residential,Residential
Residential,Residential
Residential,Residential
Residential,Residential
Residential,Residential
Residential,Residential
Residential,Residential
Residential,Residential
Residential,Residential
Residential,Residential
Residential,Residential
Residential,Residential
Residential,Residential
Residential,Residential
Residential,Residential
Residential,Residential
Residential,Residential
Residential,Residential
Residential,Residential
Residential,Residential
Residential,Residential
Residential,Residential
Residential,Residential
Residential,Residential
Residential,Residential
Residential,Residential
Residential,Residential
Residential,Residential
Residential,Residential
Residential,Residential
Residential,Residential
Residential,Residential
Residential,Residential
Residential,Residential
Residential,Residential
Residential,Residential
Residential,Residential
Residential,Residential
Residential,Residential
Residential,Residential
Residential,Residential
Residential,Residential
Residential,Residential
Residential,Residential
Residential,Residential
Residential,Residential
Residential,Residential
Residential,Residential
Residential,Residential
Residential,Residential
Residential,Residential
Residential,Residential
Residential,Residential
Residential,Highway
Residential,Residential
Residential,Residential
Residential,Residential
Residential,Residential
Residential,Residential
Residential,Residential
Residential,Residential
Residential,Residential
Residential,Residential
Residential,Residential
Residential,Residential
Residential,Residential
Residential,Residential
Residential,Residential
Residential,Residential
Residential,Residential
Residential,Residential
Residential,Residential
Residential,Residential
Residential,Residential
Residential,Residential
Residential,Residential
Residential,Residential
Residential,Residential
Residential,Residential
Residential,Residential
Residential,Residential
Residential,Residential
Residential,Residential
Residential,Residential
Residential,Residential
Residential,Residential
Residential,Residential
Residential,Residential
Residential,Residential
Residential,Residential
Residential,Residential
Residential,Residential
Residential,Residential
Residential,Residential
Residential,Residential
Residential,Residential
Residential,Residential
Residential,Residential
Residential,Residential
Residential,Residential
Residential,Residential
Residential,Residential
Residential,Residential
Residential,Residential
Residential,Residential
Residential,Residential
Residential,Residential
Residential,Residential
Residential,Residential
Residential,Residential
Residential,Residential
Residential,Residential
Residential,Residential
Residential,Residential
Residential,Residential
Residential,Residential
Residential,Residential
Residential,Residential
Residential,Residential
Residential,Residential
Residential,Residential
Residential,Residential
Residential,Residential
Residential,Residential
Residential,Residential
River,River
River,River
River,River
River,River
River,River
River,River
River,River
River,River
River,River
River,River
River,River
River,River
River,River
River,River
River,River
River,River
River,River
River,River
River,River
River,River
River,River
River,River
River,River
River,River
River,River
River,River
River,River
River,River
River,River
River,River
River,River
River,River
River,River
River,River
River,River
River,River
River,River
River,River
River,River
River,River
River,River
River,River
River,River
River,River
River,River
River,River
River,River
River,River
River,River
River,River
River,River
River,River
River,River
River,River
River,River
River,River
River,River
River,River
River,River
River,River
River,River
River,River
River,River
River,River
River,River
River,River
River,River
River,River
River,River
River,River
River,River
River,River
River,River
River,River
River,River
River,River
River,River
River,River
River,River
River,River
River,River
River,River
River,River
River,River
River,River
River,River
River,River
River,River
River,River
River,River
River,River
River,River
River,River
River,River
River,River
River,River
River,River
River,River
River,River
River,River
River,River
River,River
River,River
River,River
River,River
River,River
River,River
River,River
River,River
River,River
River,River
River,River
River,River
River,River
River,River
River,River
River,River
River,River
River,River
River,River
River,River
River,River
River,River
River,River
River,River
River,River
River,River
River,River
River,River
River,River
River,River
River,River
River,River
River,River
River,River
River,River
River,River
River,River
River,River
River,River
River,River
River,River
River,River
River,River
River,River
River,River
River,River
River,River
River,River
River,River
River,River
River,River
River,River
River,River
River,River
River,River
River,River
River,River
River,River
River,River
River,River
River,River
River,River
River,River
River,River
River,River
River,River
River,River
River,River
River,River
River,River
River,River
River,River
River,River
River,River
River,River
River,River
River,AnnualCrop
River,River
River,River
River,River
River,River
River,River
River,River
River,River
River,River
River,River
River,River
River,River
River,River
River,River
River,River
River,River
River,River
River,River
River,River
River,River
River,River
River,River
River,River
River,River
River,River
River,River
River,River
River,River
River,River
River,River
River,River
River,River
River,River
River,River
River,River
River,River
River,River
River,River
River,River
River,River
River,River
River,River
River,River
River,River
River,River
River,River
River,River
River,River
River,River
River,River
River,River
River,River
River,River
River,River
River,River
River,River
River,River
River,River
River,River
River,River
River,River
River,River
River,River
River,River
River,River
River,River
River,River
River,River
River,River
River,River
River,River
River,River
River,River
SeaLake,SeaLake
SeaLake,SeaLake
SeaLake,SeaLake
SeaLake,SeaLake
SeaLake,SeaLake
SeaLake,SeaLake
SeaLake,SeaLake
SeaLake,SeaLake
SeaLake,SeaLake
SeaLake,SeaLake
SeaLake,SeaLake
SeaLake,SeaLake
SeaLake,SeaLake
SeaLake,SeaLake
SeaLake,SeaLake
SeaLake,SeaLake
SeaLake,SeaLake
SeaLake,SeaLake
SeaLake,SeaLake
SeaLake,SeaLake
SeaLake,SeaLake
SeaLake,SeaLake
SeaLake,SeaLake
SeaLake,SeaLake
SeaLake,SeaLake
SeaLake,SeaLake
SeaLake,SeaLake
SeaLake,SeaLake
SeaLake,SeaLake
SeaLake,SeaLake
SeaLake,SeaLake
SeaLake,SeaLake
SeaLake,SeaLake
SeaLake,SeaLake
SeaLake,SeaLake
SeaLake,SeaLake
SeaLake,SeaLake
SeaLake,SeaLake
SeaLake,SeaLake
SeaLake,SeaLake
SeaLake,SeaLake
SeaLake,SeaLake
SeaLake,SeaLake
SeaLake,SeaLake
SeaLake,SeaLake
SeaLake,SeaLake
SeaLake,SeaLake
SeaLake,SeaLake
SeaLake,SeaLake
SeaLake,SeaLake
SeaLake,SeaLake
SeaLake,SeaLake
SeaLake,SeaLake
SeaLake,SeaLake
SeaLake,SeaLake
SeaLake,SeaLake
SeaLake,SeaLake
SeaLake,SeaLake
SeaLake,SeaLake
SeaLake,SeaLake
SeaLake,River
SeaLake,SeaLake
SeaLake,SeaLake
SeaLake,SeaLake
SeaLake,SeaLake
SeaLake,SeaLake
SeaLake,SeaLake
SeaLake,SeaLake
SeaLake,SeaLake
SeaLake,SeaLake
SeaLake,SeaLake
SeaLake,SeaLake
SeaLake,SeaLake
SeaLake,SeaLake
SeaLake,SeaLake
SeaLake,SeaLake
SeaLake,SeaLake
SeaLake,SeaLake
SeaLake,SeaLake
SeaLake,SeaLake
SeaLake,SeaLake
SeaLake,SeaLake
SeaLake,SeaLake
SeaLake,HerbaceousVegetation
SeaLake,SeaLake
SeaLake,SeaLake
SeaLake,SeaLake
SeaLake,SeaLake
SeaLake,SeaLake
SeaLake,SeaLake
SeaLake,SeaLake
SeaLake,SeaLake
SeaLake,SeaLake
SeaLake,SeaLake
SeaLake,SeaLake
SeaLake,SeaLake
SeaLake,SeaLake
SeaLake,SeaLake
SeaLake,SeaLake
SeaLake,SeaLake
SeaLake,SeaLake
SeaLake,SeaLake
SeaLake,SeaLake
SeaLake,SeaLake
SeaLake,SeaLake
SeaLake,SeaLake
SeaLake,SeaLake
SeaLake,SeaLake
SeaLake,SeaLake
SeaLake,SeaLake
SeaLake,SeaLake
SeaLake,SeaLake
SeaLake,SeaLake
SeaLake,SeaLake
SeaLake,SeaLake
SeaLake,SeaLake
SeaLake,SeaLake
SeaLake,SeaLake
SeaLake,SeaLake
SeaLake,SeaLake
SeaLake,SeaLake
SeaLake,SeaLake
SeaLake,SeaLake
SeaLake,SeaLake
SeaLake,SeaLake
SeaLake,SeaLake
SeaLake,SeaLake
SeaLake,SeaLake
SeaLake,SeaLake
SeaLake,SeaLake
SeaLake,SeaLake
SeaLake,SeaLake
SeaLake,SeaLake
SeaLake,SeaLake
SeaLake,SeaLake
SeaLake,SeaLake
SeaLake,SeaLake
SeaLake,SeaLake
SeaLake,SeaLake
SeaLake,SeaLake
SeaLake,SeaLake
SeaLake,SeaLake
SeaLake,SeaLake
SeaLake,SeaLake
SeaLake,SeaLake
SeaLake,SeaLake
SeaLake,SeaLake
SeaLake,SeaLake
SeaLake,SeaLake
SeaLake,SeaLake
SeaLake,SeaLake
SeaLake,SeaLake
SeaLake,SeaLake
SeaLake,SeaLake
SeaLake,SeaLake
SeaLake,River
SeaLake,SeaLake
SeaLake,SeaLake
SeaLake,SeaLake
SeaLake,SeaLake
SeaLake,SeaLake
SeaLake,SeaLake
SeaLake,SeaLake
SeaLake,SeaLake
SeaLake,SeaLake
SeaLake,SeaLake
SeaLake,SeaLake
SeaLake,SeaLake
SeaLake,SeaLake
SeaLake,SeaLake
SeaLake,SeaLake
SeaLake,SeaLake
SeaLake,SeaLake
SeaLake,SeaLake
SeaLake,SeaLake
SeaLake,SeaLake
SeaLake,SeaLake
SeaLake,SeaLake
SeaLake,SeaLake
SeaLake,SeaLake
SeaLake,SeaLake
SeaLake,SeaLake
SeaLake,SeaLake
SeaLake,SeaLake
SeaLake,SeaLake
SeaLake,SeaLake
SeaLake,SeaLake
SeaLake,SeaLake
SeaLake,SeaLake
SeaLake,SeaLake
SeaLake,SeaLake
SeaLake,SeaLake
SeaLake,SeaLake
SeaLake,SeaLake
SeaLake,SeaLake
SeaLake,SeaLake
SeaLake,SeaLake
SeaLake,SeaLake
SeaLake,SeaLake
SeaLake,SeaLake
SeaLake,SeaLake
SeaLake,SeaLake
SeaLake,SeaLake
SeaLake,SeaLake
SeaLake,SeaLake
SeaLake,SeaLake
SeaLake,SeaLake
SeaLake,SeaLake
SeaLake,SeaLake
SeaLake,SeaLake
SeaLake,SeaLake
SeaLake,SeaLake
SeaLake,SeaLake
SeaLake,SeaLake
SeaLake,SeaLake
SeaLake,SeaLake
SeaLake,SeaLake
SeaLake,SeaLake
SeaLake,SeaLake
SeaLake,SeaLake
SeaLake,SeaLake
SeaLake,SeaLake
SeaLake,SeaLake
SeaLake,SeaLake
SeaLake,SeaLake
SeaLake,SeaLake
SeaLake,SeaLake
SeaLake,SeaLake
SeaLake,SeaLake
SeaLake,SeaLake
SeaLake,SeaLake
SeaLake,SeaLake
SeaLake,SeaLake
SeaLake,SeaLake
SeaLake,SeaLake
SeaLake,SeaLake
SeaLake,SeaLake
SeaLake,SeaLake
SeaLake,SeaLake
SeaLake,SeaLake
SeaLake,SeaLake
SeaLake,SeaLake
SeaLake,SeaLake
SeaLake,SeaLake
SeaLake,SeaLake
SeaLake,SeaLake
SeaLake,SeaLake
SeaLake,SeaLake
SeaLake,SeaLake
SeaLake,SeaLake
SeaLake,SeaLake
SeaLake,SeaLake
SeaLake,SeaLake
SeaLake,SeaLake
SeaLake,SeaLake
SeaLake,SeaLake
SeaLake,SeaLake
SeaLake,SeaLake
SeaLake,SeaLake
SeaLake,SeaLake
SeaLake,SeaLake
SeaLake,SeaLake
SeaLake,SeaLake
SeaLake,SeaLake
SeaLake,SeaLake
SeaLake,SeaLake
SeaLake,SeaLake
SeaLake,SeaLake
SeaLake,SeaLake
SeaLake,SeaLake
SeaLake,SeaLake
SeaLake,SeaLake
SeaLake,SeaLake
SeaLake,SeaLake
SeaLake,SeaLake
SeaLake,SeaLake
SeaLake,SeaLake
SeaLake,SeaLake
SeaLake,SeaLake
SeaLake,SeaLake
SeaLake,SeaLake
SeaLake,SeaLake
SeaLake,SeaLake
SeaLake,SeaLake
SeaLake,SeaLake
SeaLake,SeaLake
SeaLake,SeaLake
SeaLake,SeaLake
SeaLake,SeaLake
SeaLake,SeaLake
SeaLake,SeaLake
SeaLake,SeaLake
SeaLake,SeaLake
SeaLake,SeaLake
SeaLake,SeaLake
SeaLake,SeaLake
SeaLake,SeaLake
SeaLake,SeaLake
SeaLake,SeaLake
SeaLake,SeaLake
