y_true,y_pred
AnnualCrop,AnnualCrop
AnnualCrop,AnnualCrop
AnnualCrop,AnnualCrop
AnnualCrop,AnnualCrop
AnnualCrop,PermanentCrop
AnnualCrop,AnnualCrop
AnnualCrop,AnnualCrop
AnnualCrop,AnnualCrop
AnnualCrop,AnnualCrop
AnnualCrop,AnnualCrop
AnnualCrop,AnnualCrop
AnnualCrop,AnnualCrop
AnnualCrop,AnnualCrop
AnnualCrop,AnnualCrop
AnnualCrop,AnnualCrop
AnnualCrop,AnnualCrop
AnnualCrop,AnnualCrop
AnnualCrop,AnnualCrop
AnnualCrop,AnnualCrop
AnnualCrop,AnnualCrop
AnnualCrop,AnnualCrop
AnnualCrop,AnnualCrop
AnnualCrop,AnnualCrop
AnnualCrop,AnnualCrop
AnnualCrop,AnnualCrop
AnnualCrop,AnnualCrop
AnnualCrop,AnnualCrop
AnnualCrop,AnnualCrop
AnnualCrop,AnnualCrop
AnnualCrop,AnnualCrop
AnnualCrop,AnnualCrop
AnnualCrop,AnnualCrop
AnnualCrop,AnnualCrop
AnnualCrop,AnnualCrop
AnnualCrop,AnnualCrop
AnnualCrop,AnnualCrop
AnnualCrop,AnnualCrop
AnnualCrop,AnnualCrop
AnnualCrop,AnnualCrop
AnnualCrop,AnnualCrop
AnnualCrop,PermanentCrop
AnnualCrop,AnnualCrop
AnnualCrop,PermanentCrop
AnnualCrop,AnnualCrop
AnnualCrop,AnnualCrop
AnnualCrop,AnnualCrop
AnnualCrop,AnnualCrop
AnnualCrop,AnnualCrop
AnnualCrop,AnnualCrop
AnnualCrop,AnnualCrop
AnnualCrop,AnnualCrop
AnnualCrop,AnnualCrop
AnnualCrop,AnnualCrop
AnnualCrop,AnnualCrop
AnnualCrop,PermanentCrop
AnnualCrop,AnnualCrop
AnnualCrop,PermanentCrop
AnnualCrop,AnnualCrop
AnnualCrop,AnnualCrop
AnnualCrop,AnnualCrop
AnnualCrop,AnnualCrop
AnnualCrop,AnnualCrop
AnnualCrop,AnnualCrop
AnnualCrop,AnnualCrop
AnnualCrop,AnnualCrop
AnnualCrop,AnnualCrop
AnnualCrop,AnnualCrop
AnnualCrop,AnnualCrop
AnnualCrop,AnnualCrop
AnnualCrop,AnnualCrop
AnnualCrop,AnnualCrop
AnnualCrop,AnnualCrop
AnnualCrop,PermanentCrop
AnnualCrop,AnnualCrop
AnnualCrop,AnnualCrop
AnnualCrop,AnnualCrop
AnnualCrop,AnnualCrop
AnnualCrop,AnnualCrop
AnnualCrop,AnnualCrop
AnnualCrop,AnnualCrop
AnnualCrop,AnnualCrop
AnnualCrop,AnnualCrop
AnnualCrop,AnnualCrop
AnnualCrop,AnnualCrop
AnnualCrop,AnnualCrop
AnnualCrop,AnnualCrop
AnnualCrop,AnnualCrop
AnnualCrop,AnnualCrop
AnnualCrop,AnnualCrop
AnnualCrop,AnnualCrop
AnnualCrop,AnnualCrop
AnnualCrop,PermanentCrop
AnnualCrop,AnnualCrop
AnnualCrop,AnnualCrop
AnnualCrop,AnnualCrop
AnnualCrop,AnnualCrop
AnnualCrop,AnnualCrop
AnnualCrop,AnnualCrop
AnnualCrop,AnnualCrop
AnnualCrop,AnnualCrop
AnnualCrop,AnnualCrop
AnnualCrop,AnnualCrop
AnnualCrop,AnnualCrop
AnnualCrop,AnnualCrop
AnnualCrop,PermanentCrop
AnnualCrop,AnnualCrop
AnnualCrop,AnnualCrop
AnnualCrop,AnnualCrop
AnnualCrop,AnnualCrop
AnnualCrop,AnnualCrop
AnnualCrop,AnnualCrop
AnnualCrop,AnnualCrop
AnnualCrop,AnnualCrop
AnnualCrop,AnnualCrop
AnnualCrop,AnnualCrop
AnnualCrop,AnnualCrop
AnnualCrop,AnnualCrop
AnnualCrop,AnnualCrop
AnnualCrop,AnnualCrop
AnnualCrop,AnnualCrop
AnnualCrop,AnnualCrop
AnnualCrop,PermanentCrop
AnnualCrop,AnnualCrop
AnnualCrop,AnnualCrop
AnnualCrop,AnnualCrop
AnnualCrop,AnnualCrop
AnnualCrop,AnnualCrop
AnnualCrop,AnnualCrop
AnnualCrop,AnnualCrop
AnnualCrop,AnnualCrop
AnnualCrop,AnnualCrop
AnnualCrop,AnnualCrop
AnnualCrop,AnnualCrop
AnnualCrop,AnnualCrop
AnnualCrop,AnnualCrop
AnnualCrop,AnnualCrop
AnnualCrop,AnnualCrop
AnnualCrop,AnnualCrop
AnnualCrop,AnnualCrop
AnnualCrop,AnnualCrop
AnnualCrop,AnnualCrop
AnnualCrop,AnnualCrop
AnnualCrop,AnnualCrop
AnnualCrop,AnnualCrop
AnnualCrop,AnnualCrop
AnnualCrop,PermanentCrop
AnnualCrop,AnnualCrop
AnnualCrop,AnnualCrop
AnnualCrop,AnnualCrop
AnnualCrop,AnnualCrop
AnnualCrop,AnnualCrop
AnnualCrop,AnnualCrop
AnnualCrop,AnnualCrop
AnnualCrop,AnnualCrop
AnnualCrop,AnnualCrop
AnnualCrop,AnnualCrop
AnnualCrop,AnnualCrop
AnnualCrop,AnnualCrop
AnnualCrop,AnnualCrop
AnnualCrop,AnnualCrop
AnnualCrop,AnnualCrop
AnnualCrop,AnnualCrop
AnnualCrop,AnnualCrop
AnnualCrop,AnnualCrop
AnnualCrop,AnnualCrop
AnnualCrop,AnnualCrop
AnnualCrop,AnnualCrop
AnnualCrop,AnnualCrop
AnnualCrop,AnnualCrop
AnnualCrop,AnnualCrop
AnnualCrop,AnnualCrop
AnnualCrop,AnnualCrop
AnnualCrop,AnnualCrop
AnnualCrop,AnnualCrop
AnnualCrop,AnnualCrop
AnnualCrop,AnnualCrop
AnnualCrop,AnnualCrop
AnnualCrop,AnnualCrop
AnnualCrop,AnnualCrop
AnnualCrop,AnnualCrop
AnnualCrop,AnnualCrop
AnnualCrop,AnnualCrop
AnnualCrop,AnnualCrop
AnnualCrop,AnnualCrop
AnnualCrop,AnnualCrop
AnnualCrop,AnnualCrop
AnnualCrop,AnnualCrop
AnnualCrop,AnnualCrop
AnnualCrop,AnnualCrop
AnnualCrop,AnnualCrop
AnnualCrop,AnnualCrop
AnnualCrop,AnnualCrop
AnnualCrop,AnnualCrop
AnnualCrop,PermanentCrop
AnnualCrop,PermanentCrop
AnnualCrop,AnnualCrop
AnnualCrop,AnnualCrop
AnnualCrop,AnnualCrop
AnnualCrop,AnnualCrop
AnnualCrop,AnnualCrop
AnnualCrop,AnnualCrop
AnnualCrop,AnnualCrop
AnnualCrop,AnnualCrop
AnnualCrop,AnnualCrop
AnnualCrop,AnnualCrop
AnnualCrop,AnnualCrop
AnnualCrop,AnnualCrop
AnnualCrop,AnnualCrop
AnnualCrop,AnnualCrop
AnnualCrop,AnnualCrop
AnnualCrop,AnnualCrop
AnnualCrop,AnnualCrop
AnnualCrop,AnnualCrop
AnnualCrop,AnnualCrop
AnnualCrop,AnnualCrop
AnnualCrop,AnnualCrop
AnnualCrop,AnnualCrop
AnnualCrop,PermanentCrop
AnnualCrop,AnnualCrop
AnnualCrop,AnnualCrop
AnnualCrop,AnnualCrop
AnnualCrop,AnnualCrop
AnnualCrop,AnnualCrop
AnnualCrop,AnnualCrop
AnnualCrop,AnnualCrop
AnnualCrop,AnnualCrop
AnnualCrop,AnnualCrop
AnnualCrop,AnnualCrop
AnnualCrop,AnnualCrop
AnnualCrop,AnnualCrop
AnnualCrop,AnnualCrop
AnnualCrop,AnnualCrop
AnnualCrop,AnnualCrop
AnnualCrop,AnnualCrop
AnnualCrop,AnnualCrop
AnnualCrop,AnnualCrop
AnnualCrop,AnnualCrop
AnnualCrop,AnnualCrop
AnnualCrop,AnnualCrop
AnnualCrop,AnnualCrop
AnnualCrop,AnnualCrop
AnnualCrop,AnnualCrop
AnnualCrop,AnnualCrop
AnnualCrop,AnnualCrop
AnnualCrop,AnnualCrop
AnnualCrop,AnnualCrop
AnnualCrop,AnnualCrop
AnnualCrop,AnnualCrop
AnnualCrop,AnnualCrop
AnnualCrop,AnnualCrop
AnnualCrop,AnnualCrop
AnnualCrop,AnnualCrop
AnnualCrop,AnnualCrop
AnnualCrop,AnnualCrop
AnnualCrop,AnnualCrop
AnnualCrop,AnnualCrop
AnnualCrop,AnnualCrop
AnnualCrop,AnnualCrop
AnnualCrop,AnnualCrop
AnnualCrop,AnnualCrop
AnnualCrop,AnnualCrop
AnnualCrop,AnnualCrop
AnnualCrop,AnnualCrop
AnnualCrop,PermanentCrop
AnnualCrop,AnnualCrop
AnnualCrop,AnnualCrop
AnnualCrop,HerbaceousVegetation
AnnualCrop,AnnualCrop
AnnualCrop,AnnualCrop
AnnualCrop,AnnualCrop
AnnualCrop,AnnualCrop
AnnualCrop,AnnualCrop
AnnualCrop,AnnualCrop
AnnualCrop,AnnualCrop
AnnualCrop,AnnualCrop
AnnualCrop,AnnualCrop
AnnualCrop,AnnualCrop
AnnualCrop,AnnualCrop
AnnualCrop,AnnualCrop
AnnualCrop,AnnualCrop
AnnualCrop,AnnualCrop
AnnualCrop,AnnualCrop
AnnualCrop,AnnualCrop
AnnualCrop,AnnualCrop
AnnualCrop,AnnualCrop
AnnualCrop,AnnualCrop
AnnualCrop,AnnualCrop
AnnualCrop,AnnualCrop
AnnualCrop,AnnualCrop
AnnualCrop,AnnualCrop
AnnualCrop,AnnualCrop
AnnualCrop,AnnualCrop
AnnualCrop,AnnualCrop
AnnualCrop,AnnualCrop
AnnualCrop,AnnualCrop
AnnualCrop,AnnualCrop
AnnualCrop,AnnualCrop
AnnualCrop,AnnualCrop
AnnualCrop,AnnualCrop
AnnualCrop,AnnualCrop
Forest,Forest
Forest,Forest
Forest,Forest
Forest,Forest
Forest,Forest
Forest,Forest
Forest,Forest
Forest,Forest
Forest,Forest
Forest,Forest
Forest,Forest
Forest,Forest
Forest,Forest
Forest,Forest
Forest,Forest
Forest,Forest
Forest,Forest
Forest,Forest
Forest,Forest
Forest,Forest
Forest,Forest
Forest,Forest
Forest,Forest
Forest,Forest
Forest,Forest
Forest,Forest
Forest,Forest
Forest,Forest
Forest,Forest
Forest,Forest
Forest,Forest
Forest,Forest
Forest,Forest
Forest,Forest
Forest,Forest
Forest,Forest
Forest,Forest
Forest,Forest
Forest,Forest
Forest,Forest
Forest,Forest
Forest,Forest
Forest,Forest
Forest,Forest
Forest,Forest
Forest,Forest
Forest,Forest
Forest,Forest
Forest,Forest
Forest,Forest
Forest,Forest
Forest,Forest
Forest,Forest
Forest,Forest
Forest,Forest
Forest,Forest
Forest,Forest
Forest,Forest
Forest,Forest
Forest,Forest
Forest,Forest
Forest,Forest
Forest,Forest
Forest,Forest
Forest,Forest
Forest,Forest
Forest,Forest
Forest,Forest
Forest,Forest
Forest,PermanentCrop
Forest,Forest
Forest,Forest
Forest,Forest
Forest,Forest
Forest,Forest
Forest,Forest
Forest,Forest
Forest,Forest
Forest,Forest
Forest,Forest
Forest,Forest
Forest,Forest
Forest,Forest
Forest,Forest
Forest,Forest
Forest,Forest
Forest,Forest
Forest,Forest
Forest,Forest
Forest,Forest
Forest,Forest
Forest,Forest
Forest,Forest
Forest,Forest
Forest,Forest
Forest,Forest
Forest,Forest
Forest,Forest
Forest,Forest
Forest,Forest
Forest,Forest
Forest,Forest
Forest,Forest
Forest,Forest
Forest,Forest
Forest,Forest
Forest,Forest
Forest,Forest
Forest,Forest
Forest,Forest
Forest,Forest
Forest,Forest
Forest,Forest
Forest,Forest
Forest,Forest
Forest,Forest
Forest,Forest
Forest,Forest
Forest,Forest
Forest,Forest
Forest,Forest
Forest,Forest
Forest,Forest
Forest,Forest
Forest,Forest
Forest,Forest
Forest,Forest
Forest,Forest
Forest,Forest
Forest,Forest
Forest,Forest
Forest,Forest
Forest,Forest
Forest,Forest
Forest,Forest
Forest,Forest
Forest,Forest
Forest,Forest
Forest,Forest
Forest,Forest
Forest,Forest
Forest,Forest
Forest,Forest
Forest,Forest
Forest,Forest
Forest,Forest
Forest,Forest
Forest,Forest
Forest,Forest
Forest,Forest
Forest,Forest
Forest,Forest
Forest,Forest
Forest,Forest
Forest,Forest
Forest,Forest
Forest,Forest
Forest,Forest
Forest,Forest
Forest,Forest
Forest,Forest
Forest,Forest
Forest,Forest
Forest,Forest
Forest,Forest
Forest,Forest
Forest,Forest
Forest,Forest
Forest,Forest
Forest,Forest
Forest,Forest
Forest,Forest
Forest,Forest
Forest,Forest
Forest,Forest
Forest,Forest
Forest,Forest
Forest,Forest
Forest,Forest
Forest,Forest
Forest,Forest
Forest,Forest
Forest,Forest
Forest,Forest
Forest,Forest
Forest,Forest
Forest,Forest
Forest,Forest
Forest,Forest
Forest,Forest
Forest,Forest
Forest,Forest
Forest,Forest
Forest,Forest
Forest,Forest
Forest,Forest
Forest,Forest
Forest,Forest
Forest,Forest
Forest,Forest
Forest,Forest
Forest,Forest
Forest,Forest
Forest,Forest
Forest,Forest
Forest,Forest
Forest,Forest
Forest,Forest
Forest,Forest
Forest,Forest
Forest,Forest
Forest,Forest
Forest,Forest
Forest,Forest
Forest,Forest
Forest,Forest
Forest,Forest
Forest,Forest
Forest,Forest
Forest,Forest
Forest,Forest
Forest,Forest
Forest,Forest
Forest,Forest
Forest,Forest
Forest,Forest
Forest,Forest
Forest,Forest
Forest,Forest
Forest,Forest
Forest,Forest
Forest,Forest
Forest,Forest
Forest,Forest
Forest,Forest
Forest,Forest
Forest,Forest
Forest,Forest
Forest,Forest
Forest,Forest
Forest,Forest
Forest,Forest
Forest,Forest
Forest,Forest
Forest,Forest
Forest,Forest
Forest,Forest
Forest,Forest
Forest,Forest
Forest,Forest
Forest,Forest
Forest,Forest
Forest,Forest
Forest,Forest
Forest,Forest
Forest,Forest
Forest,Forest
Forest,Forest
Forest,Forest
Forest,Forest
Forest,Forest
Forest,Forest
Forest,Forest
Forest,Forest
Forest,Forest
Forest,Forest
Forest,Forest
Forest,Forest
Forest,Forest
Forest,Forest
Forest,Forest
Forest,Forest
Forest,Forest
Forest,Forest
Forest,Forest
Forest,Forest
Forest,Forest
Forest,Forest
Forest,Forest
Forest,Forest
Forest,Forest
Forest,Forest
Forest,Forest
Forest,Forest
Forest,Forest
Forest,Forest
Forest,Forest
Forest,Forest
Forest,Forest
Forest,Forest
Forest,Forest
Forest,Forest
Forest,Forest
Forest,Forest
Forest,Forest
Forest,Forest
Forest,Forest
Forest,Forest
Forest,Forest
Forest,Forest
HerbaceousVegetation,HerbaceousVegetation
HerbaceousVegetation,HerbaceousVegetation
HerbaceousVegetation,HerbaceousVegetation
HerbaceousVegetation,HerbaceousVegetation
HerbaceousVegetation,HerbaceousVegetation
HerbaceousVegetation,HerbaceousVegetation
HerbaceousVegetation,HerbaceousVegetation
HerbaceousVegetation,HerbaceousVegetation
HerbaceousVegetation,HerbaceousVegetation
HerbaceousVegetation,HerbaceousVegetation
HerbaceousVegetation,HerbaceousVegetation
HerbaceousVegetation,HerbaceousVegetation
HerbaceousVegetation,HerbaceousVegetation
HerbaceousVegetation,HerbaceousVegetation
HerbaceousVegetation,HerbaceousVegetation
HerbaceousVegetation,HerbaceousVegetation
HerbaceousVegetation,HerbaceousVegetation
HerbaceousVegetation,HerbaceousVegetation
HerbaceousVegetation,PermanentCrop
HerbaceousVegetation,HerbaceousVegetation
HerbaceousVegetation,HerbaceousVegetation
HerbaceousVegetation,HerbaceousVegetation
HerbaceousVegetation,HerbaceousVegetation
HerbaceousVegetation,PermanentCrop
HerbaceousVegetation,HerbaceousVegetation
HerbaceousVegetation,HerbaceousVegetation
HerbaceousVegetation,HerbaceousVegetation
HerbaceousVegetation,HerbaceousVegetation
HerbaceousVegetation,HerbaceousVegetation
HerbaceousVegetation,HerbaceousVegetation
HerbaceousVegetation,HerbaceousVegetation
HerbaceousVegetation,PermanentCrop
HerbaceousVegetation,Pasture
HerbaceousVegetation,HerbaceousVegetation
HerbaceousVegetation,HerbaceousVegetation
HerbaceousVegetation,HerbaceousVegetation
HerbaceousVegetation,HerbaceousVegetation
HerbaceousVegetation,HerbaceousVegetation
HerbaceousVegetation,HerbaceousVegetation
HerbaceousVegetation,HerbaceousVegetation
HerbaceousVegetation,HerbaceousVegetation
HerbaceousVegetation,HerbaceousVegetation
HerbaceousVegetation,Forest
HerbaceousVegetation,HerbaceousVegetation
HerbaceousVegetation,HerbaceousVegetation
HerbaceousVegetation,HerbaceousVegetation
HerbaceousVegetation,HerbaceousVegetation
HerbaceousVegetation,HerbaceousVegetation
HerbaceousVegetation,HerbaceousVegetation
HerbaceousVegetation,HerbaceousVegetation
HerbaceousVegetation,HerbaceousVegetation
HerbaceousVegetation,HerbaceousVegetation
HerbaceousVegetation,HerbaceousVegetation
HerbaceousVegetation,HerbaceousVegetation
HerbaceousVegetation,HerbaceousVegetation
HerbaceousVegetation,HerbaceousVegetation
HerbaceousVegetation,HerbaceousVegetation
HerbaceousVegetation,HerbaceousVegetation
HerbaceousVegetation,HerbaceousVegetation
HerbaceousVegetation,HerbaceousVegetation
HerbaceousVegetation,HerbaceousVegetation
HerbaceousVegetation,HerbaceousVegetation
HerbaceousVegetation,HerbaceousVegetation
HerbaceousVegetation,HerbaceousVegetation
HerbaceousVegetation,HerbaceousVegetation
HerbaceousVegetation,HerbaceousVegetation
HerbaceousVegetation,HerbaceousVegetation
HerbaceousVegetation,HerbaceousVegetation
HerbaceousVegetation,HerbaceousVegetation
HerbaceousVegetation,HerbaceousVegetation
HerbaceousVegetation,HerbaceousVegetation
HerbaceousVegetation,HerbaceousVegetation
HerbaceousVegetation,HerbaceousVegetation
HerbaceousVegetation,HerbaceousVegetation
HerbaceousVegetation,PermanentCrop
HerbaceousVegetation,HerbaceousVegetation
HerbaceousVegetation,HerbaceousVegetation
HerbaceousVegetation,HerbaceousVegetation
HerbaceousVegetation,HerbaceousVegetation
HerbaceousVegetation,HerbaceousVegetation
HerbaceousVegetation,HerbaceousVegetation
HerbaceousVegetation,HerbaceousVegetation
HerbaceousVegetation,HerbaceousVegetation
HerbaceousVegetation,HerbaceousVegetation
HerbaceousVegetation,HerbaceousVegetation
HerbaceousVegetation,HerbaceousVegetation
HerbaceousVegetation,HerbaceousVegetation
HerbaceousVegetation,HerbaceousVegetation
HerbaceousVegetation,HerbaceousVegetation
HerbaceousVegetation,HerbaceousVegetation
HerbaceousVegetation,HerbaceousVegetation
HerbaceousVegetation,HerbaceousVegetation
HerbaceousVegetation,HerbaceousVegetation
HerbaceousVegetation,HerbaceousVegetation
HerbaceousVegetation,HerbaceousVegetation
HerbaceousVegetation,HerbaceousVegetation
HerbaceousVegetation,HerbaceousVegetation
HerbaceousVegetation,HerbaceousVegetation
HerbaceousVegetation,HerbaceousVegetation
HerbaceousVegetation,HerbaceousVegetation
HerbaceousVegetation,HerbaceousVegetation
HerbaceousVegetation,HerbaceousVegetation
HerbaceousVegetation,HerbaceousVegetation
HerbaceousVegetation,HerbaceousVegetation
HerbaceousVegetation,HerbaceousVegetation
HerbaceousVegetation,HerbaceousVegetation
HerbaceousVegetation,HerbaceousVegetation
HerbaceousVegetation,HerbaceousVegetation
HerbaceousVegetation,HerbaceousVegetation
HerbaceousVegetation,HerbaceousVegetation
HerbaceousVegetation,HerbaceousVegetation
HerbaceousVegetation,HerbaceousVegetation
HerbaceousVegetation,HerbaceousVegetation
HerbaceousVegetation,HerbaceousVegetation
HerbaceousVegetation,HerbaceousVegetation
HerbaceousVegetation,HerbaceousVegetation
HerbaceousVegetation,HerbaceousVegetation
HerbaceousVegetation,HerbaceousVegetation
HerbaceousVegetation,HerbaceousVegetation
HerbaceousVegetation,HerbaceousVegetation
HerbaceousVegetation,HerbaceousVegetation
HerbaceousVegetation,HerbaceousVegetation
HerbaceousVegetation,HerbaceousVegetation
HerbaceousVegetation,HerbaceousVegetation
HerbaceousVegetation,HerbaceousVegetation
HerbaceousVegetation,PermanentCrop
HerbaceousVegetation,HerbaceousVegetation
HerbaceousVegetation,HerbaceousVegetation
HerbaceousVegetation,HerbaceousVegetation
HerbaceousVegetation,HerbaceousVegetation
HerbaceousVegetation,HerbaceousVegetation
HerbaceousVegetation,HerbaceousVegetation
HerbaceousVegetation,HerbaceousVegetation
HerbaceousVegetation,HerbaceousVegetation
HerbaceousVegetation,HerbaceousVegetation
HerbaceousVegetation,HerbaceousVegetation
HerbaceousVegetation,Residential
HerbaceousVegetation,HerbaceousVegetation
HerbaceousVegetation,HerbaceousVegetation
HerbaceousVegetation,HerbaceousVegetation
HerbaceousVegetation,HerbaceousVegetation
HerbaceousVegetation,HerbaceousVegetation
HerbaceousVegetation,HerbaceousVegetation
HerbaceousVegetation,HerbaceousVegetation
HerbaceousVegetation,HerbaceousVegetation
HerbaceousVegetation,HerbaceousVegetation
HerbaceousVegetation,HerbaceousVegetation
HerbaceousVegetation,HerbaceousVegetation
HerbaceousVegetation,HerbaceousVegetation
HerbaceousVegetation,HerbaceousVegetation
HerbaceousVegetation,HerbaceousVegetation
HerbaceousVegetation,HerbaceousVegetation
HerbaceousVegetation,HerbaceousVegetation
HerbaceousVegetation,HerbaceousVegetation
HerbaceousVegetation,HerbaceousVegetation
HerbaceousVegetation,HerbaceousVegetation
HerbaceousVegetation,HerbaceousVegetation
HerbaceousVegetation,HerbaceousVegetation
HerbaceousVegetation,HerbaceousVegetation
HerbaceousVegetation,HerbaceousVegetation
HerbaceousVegetation,HerbaceousVegetation
HerbaceousVegetation,HerbaceousVegetation
HerbaceousVegetation,HerbaceousVegetation
HerbaceousVegetation,HerbaceousVegetation
HerbaceousVegetation,HerbaceousVegetation
HerbaceousVegetation,HerbaceousVegetation
HerbaceousVegetation,HerbaceousVegetation
HerbaceousVegetation,HerbaceousVegetation
HerbaceousVegetation,HerbaceousVegetation
HerbaceousVegetation,HerbaceousVegetation
HerbaceousVegetation,HerbaceousVegetation
HerbaceousVegetation,HerbaceousVegetation
HerbaceousVegetation,HerbaceousVegetation
HerbaceousVegetation,HerbaceousVegetation
HerbaceousVegetation,HerbaceousVegetation
HerbaceousVegetation,HerbaceousVegetation
HerbaceousVegetation,HerbaceousVegetation
HerbaceousVegetation,HerbaceousVegetation
HerbaceousVegetation,HerbaceousVegetation
HerbaceousVegetation,HerbaceousVegetation
HerbaceousVegetation,HerbaceousVegetation
HerbaceousVegetation,HerbaceousVegetation
HerbaceousVegetation,HerbaceousVegetation
HerbaceousVegetation,HerbaceousVegetation
HerbaceousVegetation,HerbaceousVegetation
HerbaceousVegetation,HerbaceousVegetation
HerbaceousVegetation,HerbaceousVegetation
HerbaceousVegetation,HerbaceousVegetation
HerbaceousVegetation,HerbaceousVegetation
HerbaceousVegetation,HerbaceousVegetation
HerbaceousVegetation,HerbaceousVegetation
HerbaceousVegetation,HerbaceousVegetation
HerbaceousVegetation,HerbaceousVegetation
HerbaceousVegetation,HerbaceousVegetation
HerbaceousVegetation,HerbaceousVegetation
HerbaceousVegetation,PermanentCrop
HerbaceousVegetation,HerbaceousVegetation
HerbaceousVegetation,HerbaceousVegetation
HerbaceousVegetation,HerbaceousVegetation
HerbaceousVegetation,Forest
HerbaceousVegetation,HerbaceousVegetation
HerbaceousVegetation,HerbaceousVegetation
HerbaceousVegetation,HerbaceousVegetation
HerbaceousVegetation,HerbaceousVegetation
HerbaceousVegetation,HerbaceousVegetation
HerbaceousVegetation,HerbaceousVegetation
HerbaceousVegetation,HerbaceousVegetation
HerbaceousVegetation,HerbaceousVegetation
HerbaceousVegetation,HerbaceousVegetation
HerbaceousVegetation,HerbaceousVegetation
HerbaceousVegetation,HerbaceousVegetation
HerbaceousVegetation,HerbaceousVegetation
HerbaceousVegetation,HerbaceousVegetation
HerbaceousVegetation,HerbaceousVegetation
HerbaceousVegetation,HerbaceousVegetation
HerbaceousVegetation,HerbaceousVegetation
HerbaceousVegetation,HerbaceousVegetation
HerbaceousVegetation,HerbaceousVegetation
HerbaceousVegetation,PermanentCrop
HerbaceousVegetation,HerbaceousVegetation
HerbaceousVegetation,HerbaceousVegetation
HerbaceousVegetation,HerbaceousVegetation
HerbaceousVegetation,HerbaceousVegetation
HerbaceousVegetation,HerbaceousVegetation
HerbaceousVegetation,HerbaceousVegetation
HerbaceousVegetation,HerbaceousVegetation
HerbaceousVegetation,HerbaceousVegetation
HerbaceousVegetation,HerbaceousVegetation
HerbaceousVegetation,HerbaceousVegetation
HerbaceousVegetation,HerbaceousVegetation
HerbaceousVegetation,HerbaceousVegetation
HerbaceousVegetation,HerbaceousVegetation
HerbaceousVegetation,HerbaceousVegetation
HerbaceousVegetation,HerbaceousVegetation
HerbaceousVegetation,HerbaceousVegetation
HerbaceousVegetation,HerbaceousVegetation
HerbaceousVegetation,HerbaceousVegetation
HerbaceousVegetation,HerbaceousVegetation
HerbaceousVegetation,HerbaceousVegetation
HerbaceousVegetation,HerbaceousVegetation
HerbaceousVegetation,HerbaceousVegetation
HerbaceousVegetation,HerbaceousVegetation
HerbaceousVegetation,HerbaceousVegetation
HerbaceousVegetation,HerbaceousVegetation
HerbaceousVegetation,Residential
HerbaceousVegetation,HerbaceousVegetation
HerbaceousVegetation,HerbaceousVegetation
HerbaceousVegetation,HerbaceousVegetation
HerbaceousVegetation,HerbaceousVegetation
HerbaceousVegetation,Forest
HerbaceousVegetation,HerbaceousVegetation
HerbaceousVegetation,HerbaceousVegetation
HerbaceousVegetation,HerbaceousVegetation
HerbaceousVegetation,HerbaceousVegetation
HerbaceousVegetation,HerbaceousVegetation
HerbaceousVegetation,Residential
HerbaceousVegetation,PermanentCrop
HerbaceousVegetation,HerbaceousVegetation
HerbaceousVegetation,HerbaceousVegetation
HerbaceousVegetation,HerbaceousVegetation
HerbaceousVegetation,HerbaceousVegetation
HerbaceousVegetation,PermanentCrop
HerbaceousVegetation,HerbaceousVegetation
HerbaceousVegetation,HerbaceousVegetation
HerbaceousVegetation,HerbaceousVegetation
HerbaceousVegetation,HerbaceousVegetation
HerbaceousVegetation,HerbaceousVegetation
HerbaceousVegetation,HerbaceousVegetation
HerbaceousVegetation,HerbaceousVegetation
HerbaceousVegetation,HerbaceousVegetation
HerbaceousVegetation,HerbaceousVegetation
HerbaceousVegetation,HerbaceousVegetation
HerbaceousVegetation,HerbaceousVegetation
HerbaceousVegetation,HerbaceousVegetation
HerbaceousVegetation,HerbaceousVegetation
HerbaceousVegetation,HerbaceousVegetation
HerbaceousVegetation,HerbaceousVegetation
HerbaceousVegetation,HerbaceousVegetation
HerbaceousVegetation,HerbaceousVegetation
HerbaceousVegetation,HerbaceousVegetation
HerbaceousVegetation,HerbaceousVegetation
HerbaceousVegetation,HerbaceousVegetation
HerbaceousVegetation,HerbaceousVegetation
HerbaceousVegetation,Highway
HerbaceousVegetation,HerbaceousVegetation
HerbaceousVegetation,HerbaceousVegetation
HerbaceousVegetation,HerbaceousVegetation
HerbaceousVegetation,HerbaceousVegetation
HerbaceousVegetation,HerbaceousVegetation
HerbaceousVegetation,HerbaceousVegetation
HerbaceousVegetation,HerbaceousVegetation
HerbaceousVegetation,HerbaceousVegetation
HerbaceousVegetation,HerbaceousVegetation
HerbaceousVegetation,HerbaceousVegetation
HerbaceousVegetation,HerbaceousVegetation
HerbaceousVegetation,HerbaceousVegetation
HerbaceousVegetation,HerbaceousVegetation
HerbaceousVegetation,HerbaceousVegetation
HerbaceousVegetation,HerbaceousVegetation
HerbaceousVegetation,HerbaceousVegetation
Highway,Highway
Highway,Highway
Highway,Highway
Highway,Highway
Highway,Highway
Highway,Highway
Highway,Highway
Highway,Highway
Highway,Highway
Highway,Highway
Highway,Highway
Highway,Highway
Highway,Highway
Highway,Highway
Highway,Highway
Highway,Highway
Highway,Highway
Highway,Highway
Highway,Highway
Highway,Highway
Highway,Highway
Highway,Highway
Highway,Highway
Highway,Highway
Highway,Highway
Highway,Highway
Highway,Highway
Highway,Highway
Highway,PermanentCrop
Highway,Highway
Highway,Highway
Highway,Highway
Highway,Highway
Highway,Highway
Highway,Highway
Highway,Highway
Highway,Highway
Highway,Highway
Highway,Highway
Highway,Highway
Highway,Highway
Highway,Highway
Highway,Highway
Highway,Highway
Highway,Highway
Highway,Highway
Highway,Highway
Highway,Highway
Highway,Highway
Highway,Highway
Highway,Highway
Highway,Highway
Highway,Highway
Highway,Highway
Highway,Highway
Highway,Highway
Highway,Highway
Highway,Highway
Highway,Highway
Highway,Highway
Highway,Highway
Highway,Highway
Highway,Highway
Highway,Highway
Highway,Highway
Highway,Highway
Highway,Highway
Highway,Highway
Highway,Highway
Highway,Highway
Highway,Highway
Highway,Highway
Highway,Highway
Highway,Highway
Highway,Highway
Highway,Highway
Highway,Highway
Highway,Highway
Highway,Highway
Highway,Highway
Highway,Highway
Highway,Highway
Highway,Highway
Highway,Highway
Highway,Highway
Highway,Highway
Highway,Highway
Highway,Highway
Highway,Highway
Highway,Highway
Highway,Highway
Highway,Highway
Highway,Highway
Highway,Highway
Highway,Highway
Highway,Highway
Highway,Highway
Highway,Highway
Highway,Highway
Highway,Highway
Highway,Highway
Highway,Highway
Highway,Highway
Highway,Highway
Highway,Highway
Highway,Highway
Highway,Highway
Highway,Highway
Highway,Highway
Highway,Highway
Highway,Highway
Highway,Highway
Highway,Highway
Highway,Highway
Highway,Highway
Highway,Highway
Highway,Highway
Highway,Highway
Highway,Highway
Highway,Highway
Highway,Highway
Highway,Highway
Highway,Highway
Highway,Highway
Highway,Highway
Highway,Highway
Highway,Highway
Highway,Highway
Highway,Highway
Highway,PermanentCrop
Highway,Industrial
Highway,Highway
Highway,Highway
Highway,Highway
Highway,Highway
Highway,Highway
Highway,Highway
Highway,Highway
Highway,Highway
Highway,Highway
Highway,Industrial
Highway,Highway
Highway,Highway
Highway,Highway
Highway,Highway
Highway,Highway
Highway,Highway
Highway,Highway
Highway,Highway
Highway,Highway
Highway,Highway
Highway,Highway
Highway,Highway
Highway,Highway
Highway,Highway
Highway,Highway
Highway,Highway
Highway,Highway
Highway,Highway
Highway,Highway
Highway,Highway
Highway,Highway
Highway,Highway
Highway,Highway
Highway,Highway
Highway,Highway
Highway,Highway
Highway,Highway
Highway,Highway
Highway,Highway
Highway,Highway
Highway,Highway
Highway,Highway
Highway,Highway
Highway,Highway
Highway,Highway
Highway,Highway
Highway,Highway
Highway,Highway
Highway,Highway
Highway,Highway
Highway,Highway
Highway,Highway
Highway,Highway
Highway,Highway
Highway,Highway
Highway,Highway
Highway,Highway
Highway,Highway
Highway,Highway
Highway,Highway
Highway,Highway
Highway,Highway
Highway,Highway
Highway,PermanentCrop
Highway,Highway
Highway,Highway
Highway,Highway
Highway,Highway
Highway,Highway
Highway,Highway
Highway,Highway
Highway,Highway
Highway,River
Highway,Highway
Highway,Highway
Highway,Highway
Highway,Highway
Highway,Highway
Highway,Highway
Highway,Highway
Highway,Highway
Highway,Highway
Highway,Highway
Highway,Highway
Highway,Highway
Highway,Highway
Highway,Highway
Highway,Highway
Highway,Highway
Highway,Highway
Highway,Highway
Highway,Highway
Highway,Highway
Highway,Highway
Highway,Highway
Highway,Highway
Highway,Highway
Highway,Highway
Highway,Highway
Highway,Highway
Highway,Highway
Highway,Highway
Highway,Highway
Highway,Highway
Highway,Highway
Highway,Highway
Highway,Highway
Highway,Highway
Highway,Highway
Highway,Highway
Highway,Highway
Highway,Highway
Highway,Highway
Highway,Highway
Highway,Highway
Highway,Highway
Highway,Highway
Highway,Highway
Highway,Highway
Industrial,Industrial
Industrial,Industrial
Industrial,Industrial
Industrial,Industrial
Industrial,Industrial
Industrial,Industrial
Industrial,Industrial
Industrial,Industrial
Industrial,Industrial
Industrial,Industrial
Industrial,Industrial
Industrial,Industrial
Industrial,Industrial
Industrial,Industrial
Industrial,Industrial
Industrial,Industrial
Industrial,Industrial
Industrial,Industrial
Industrial,Industrial
Industrial,Industrial
Industrial,Industrial
Industrial,Industrial
Industrial,Industrial
Industrial,Industrial
Industrial,Industrial
Industrial,Industrial
Industrial,Industrial
Industrial,Industrial
Industrial,Industrial
Industrial,Industrial
Industrial,Industrial
Industrial,Industrial
Industrial,Industrial
Industrial,Industrial
Industrial,Industrial
Industrial,Industrial
Industrial,Industrial
Industrial,Industrial
Industrial,Industrial
Industrial,Industrial
Industrial,Industrial
Industrial,Industrial
Industrial,Industrial
Industrial,Industrial
Industrial,Industrial
Industrial,Industrial
Industrial,Industrial
Industrial,Industrial
Industrial,Industrial
Industrial,Industrial
Industrial,Industrial
Industrial,Industrial
Industrial,Highway
Industrial,Industrial
Industrial,Industrial
Industrial,Industrial
Industrial,Industrial
Industrial,Industrial
Industrial,Industrial
Industrial,Industrial
Industrial,Industrial
Industrial,Industrial
Industrial,Industrial
Industrial,Industrial
Industrial,Industrial
Industrial,Industrial
Industrial,Industrial
Industrial,Industrial
Industrial,Industrial
Industrial,Residential
Industrial,Industrial
Industrial,Industrial
Industrial,Industrial
Industrial,Industrial
Industrial,Industrial
Industrial,Industrial
Industrial,Industrial
Industrial,Industrial
Industrial,Industrial
Industrial,Industrial
Industrial,Industrial
Industrial,Industrial
Industrial,Industrial
Industrial,Industrial
Industrial,Industrial
Industrial,Industrial
Industrial,Industrial
Industrial,Industrial
Industrial,Industrial
Industrial,Industrial
Industrial,Industrial
Industrial,Industrial
Industrial,Industrial
Industrial,Industrial
Industrial,Industrial
Industrial,Industrial
Industrial,Industrial
Industrial,Industrial
Industrial,Industrial
Industrial,Industrial
Industrial,Industrial
Industrial,Industrial
Industrial,Industrial
Industrial,Industrial
Industrial,Industrial
Industrial,Industrial
Industrial,Industrial
Industrial,Industrial
Industrial,Industrial
Industrial,Industrial
Industrial,Industrial
Industrial,Industrial
Industrial,Industrial
Industrial,Industrial
Industrial,Residential
Industrial,Industrial
Industrial,Industrial
Industrial,Industrial
Industrial,Industrial
Industrial,Industrial
Industrial,Industrial
Industrial,Industrial
Industrial,Industrial
Industrial,Industrial
Industrial,Industrial
Industrial,Industrial
Industrial,Industrial
Industrial,Industrial
Industrial,Industrial
Industrial,Industrial
Industrial,Industrial
Industrial,Industrial
Industrial,Industrial
Industrial,Industrial
Industrial,Industrial
Industrial,Industrial
Industrial,Industrial
Industrial,Industrial
Industrial,Industrial
Industrial,Industrial
Industrial,Industrial
Industrial,Industrial
Industrial,Industrial
Industrial,Industrial
Industrial,Industrial
Industrial,Residential
Industrial,Industrial
Industrial,Industrial
Industrial,Industrial
Industrial,Industrial
Industrial,Industrial
Industrial,Industrial
Industrial,Industrial
Industrial,Industrial
Industrial,Industrial
Industrial,Industrial
Industrial,Industrial
Industrial,Industrial
Industrial,Industrial
Industrial,Industrial
Industrial,Industrial
Industrial,Industrial
Industrial,Industrial
Industrial,Industrial
Industrial,Industrial
Industrial,Industrial
Industrial,Industrial
Industrial,Industrial
Industrial,Industrial
Industrial,Industrial
Industrial,Industrial
Industrial,Industrial
Industrial,Industrial
Industrial,Industrial
Industrial,Industrial
Industrial,Industrial
Industrial,Industrial
Industrial,Industrial
Industrial,Industrial
Industrial,Industrial
Industrial,Industrial
Industrial,Industrial
Industrial,Industrial
Industrial,Industrial
Industrial,Industrial
Industrial,Industrial
Industrial,Industrial
Industrial,Industrial
Industrial,Industrial
Industrial,Industrial
Industrial,Industrial
Industrial,Industrial
Industrial,Industrial
Industrial,Residential
Industrial,Industrial
Industrial,Industrial
Industrial,Industrial
Industrial,Industrial
Industrial,Industrial
Industrial,Industrial
Industrial,Industrial
Industrial,Industrial
Industrial,Industrial
Industrial,Industrial
Industrial,Industrial
Industrial,Industrial
Industrial,Industrial
Industrial,Industrial
Industrial,Industrial
Industrial,Industrial
Industrial,Industrial
Industrial,Industrial
Industrial,Industrial
Industrial,Industrial
Industrial,Industrial
Industrial,Industrial
Industrial,Industrial
Industrial,Industrial
Industrial,Industrial
Industrial,Industrial
Industrial,Industrial
Industrial,Industrial
Industrial,Industrial
Industrial,Industrial
Industrial,Industrial
Industrial,Industrial
Industrial,Industrial
Industrial,Industrial
Industrial,Industrial
Industrial,Industrial
Industrial,Industrial
Industrial,Industrial
Industrial,Industrial
Industrial,Industrial
Industrial,Industrial
Industrial,Industrial
Industrial,Industrial
Industrial,Industrial
Industrial,Industrial
Industrial,Industrial
Industrial,Industrial
Industrial,Industrial
Industrial,Industrial
Industrial,Industrial
Industrial,Industrial
Industrial,Industrial
Industrial,Industrial
Industrial,Industrial
Industrial,Industrial
Industrial,Industrial
Pasture,Pasture
Pasture,Pasture
Pasture,Pasture
Pasture,Pasture
Pasture,Pasture
Pasture,Pasture
Pasture,Pasture
Pasture,Pasture
Pasture,Pasture
Pasture,Pasture
Pasture,Pasture
Pasture,Pasture
Pasture,Pasture
Pasture,Pasture
Pasture,Pasture
Pasture,Pasture
Pasture,Pasture
Pasture,Pasture
Pasture,AnnualCrop
Pasture,Pasture
Pasture,Pasture
Pasture,Pasture
Pasture,Pasture
Pasture,Pasture
Pasture,Pasture
Pasture,Pasture
Pasture,Pasture
Pasture,Pasture
Pasture,Pasture
Pasture,Pasture
Pasture,Pasture
Pasture,Pasture
Pasture,Pasture
Pasture,HerbaceousVegetation
Pasture,Pasture
Pasture,Pasture
Pasture,Pasture
Pasture,Pasture
Pasture,Pasture
Pasture,Pasture
Pasture,Pasture
Pasture,Pasture
Pasture,Pasture
Pasture,Pasture
Pasture,Pasture
Pasture,Pasture
Pasture,Pasture
Pasture,Pasture
Pasture,Pasture
Pasture,Pasture
Pasture,Pasture
Pasture,Pasture
Pasture,Pasture
Pasture,Pasture
Pasture,HerbaceousVegetation
Pasture,Pasture
Pasture,Pasture
Pasture,Pasture
Pasture,Pasture
Pasture,PermanentCrop
Pasture,Pasture
Pasture,Pasture
Pasture,Pasture
Pasture,Pasture
Pasture,Pasture
Pasture,Pasture
Pasture,Pasture
Pasture,Pasture
Pasture,Pasture
Pasture,Pasture
Pasture,Pasture
Pasture,Pasture
Pasture,Pasture
Pasture,Pasture
Pasture,Pasture
Pasture,Pasture
Pasture,Pasture
Pasture,Pasture
Pasture,Pasture
Pasture,Pasture
Pasture,Pasture
Pasture,Pasture
Pasture,Pasture
Pasture,Pasture
Pasture,Pasture
Pasture,Pasture
Pasture,Pasture
Pasture,Pasture
Pasture,Pasture
Pasture,Pasture
Pasture,Pasture
Pasture,Pasture
Pasture,Pasture
Pasture,Pasture
Pasture,Pasture
Pasture,Pasture
Pasture,Pasture
Pasture,Pasture
Pasture,Pasture
Pasture,Pasture
Pasture,Pasture
Pasture,Pasture
Pasture,Pasture
Pasture,Pasture
Pasture,Pasture
Pasture,Pasture
Pasture,Pasture
Pasture,Pasture
Pasture,Pasture
Pasture,Pasture
Pasture,Pasture
Pasture,Pasture
Pasture,Pasture
Pasture,Pasture
Pasture,Pasture
Pasture,Pasture
Pasture,Pasture
Pasture,Pasture
Pasture,Pasture
Pasture,Pasture
Pasture,Pasture
Pasture,Pasture
Pasture,Pasture
Pasture,Pasture
Pasture,Pasture
Pasture,Pasture
Pasture,Pasture
Pasture,Pasture
Pasture,Pasture
Pasture,Pasture
Pasture,Pasture
Pasture,PermanentCrop
Pasture,Pasture
Pasture,Pasture
Pasture,Pasture
Pasture,Pasture
Pasture,Pasture
Pasture,Pasture
Pasture,Pasture
Pasture,PermanentCrop
Pasture,Pasture
Pasture,Pasture
Pasture,Pasture
Pasture,Pasture
Pasture,Pasture
Pasture,Pasture
Pasture,Pasture
Pasture,Pasture
Pasture,Pasture
Pasture,Pasture
Pasture,Pasture
Pasture,Pasture
Pasture,Pasture
Pasture,Pasture
Pasture,Pasture
Pasture,Pasture
Pasture,Forest
Pasture,Pasture
Pasture,Pasture
Pasture,Pasture
Pasture,Pasture
Pasture,Pasture
Pasture,Pasture
Pasture,Pasture
Pasture,Pasture
Pasture,Pasture
Pasture,Pasture
Pasture,Pasture
Pasture,Pasture
Pasture,Pasture
Pasture,Pasture
Pasture,Pasture
Pasture,Pasture
Pasture,Pasture
Pasture,Pasture
Pasture,Pasture
Pasture,AnnualCrop
Pasture,Pasture
Pasture,Pasture
Pasture,Pasture
Pasture,Pasture
Pasture,Pasture
Pasture,Pasture
Pasture,Pasture
Pasture,Pasture
Pasture,Pasture
Pasture,Pasture
Pasture,Pasture
Pasture,Pasture
Pasture,Pasture
Pasture,Pasture
Pasture,Pasture
Pasture,Pasture
Pasture,Pasture
Pasture,Pasture
Pasture,Pasture
Pasture,Pasture
Pasture,Pasture
Pasture,Pasture
Pasture,Pasture
PermanentCrop,PermanentCrop
PermanentCrop,PermanentCrop
PermanentCrop,PermanentCrop
PermanentCrop,PermanentCrop
PermanentCrop,PermanentCrop
PermanentCrop,PermanentCrop
PermanentCrop,PermanentCrop
PermanentCrop,PermanentCrop
PermanentCrop,PermanentCrop
PermanentCrop,PermanentCrop
PermanentCrop,PermanentCrop
PermanentCrop,PermanentCrop
PermanentCrop,PermanentCrop
PermanentCrop,PermanentCrop
PermanentCrop,PermanentCrop
PermanentCrop,PermanentCrop
PermanentCrop,PermanentCrop
PermanentCrop,PermanentCrop
PermanentCrop,PermanentCrop
PermanentCrop,PermanentCrop
PermanentCrop,PermanentCrop
PermanentCrop,PermanentCrop
PermanentCrop,PermanentCrop
PermanentCrop,PermanentCrop
PermanentCrop,PermanentCrop
PermanentCrop,PermanentCrop
PermanentCrop,PermanentCrop
PermanentCrop,PermanentCrop
PermanentCrop,PermanentCrop
PermanentCrop,PermanentCrop
PermanentCrop,PermanentCrop
PermanentCrop,PermanentCrop
PermanentCrop,PermanentCrop
PermanentCrop,PermanentCrop
PermanentCrop,PermanentCrop
PermanentCrop,PermanentCrop
PermanentCrop,PermanentCrop
PermanentCrop,PermanentCrop
PermanentCrop,PermanentCrop
PermanentCrop,PermanentCrop
PermanentCrop,PermanentCrop
PermanentCrop,PermanentCrop
PermanentCrop,PermanentCrop
PermanentCrop,PermanentCrop
PermanentCrop,PermanentCrop
PermanentCrop,PermanentCrop
PermanentCrop,PermanentCrop
PermanentCrop,PermanentCrop
PermanentCrop,PermanentCrop
PermanentCrop,PermanentCrop
PermanentCrop,HerbaceousVegetation
PermanentCrop,PermanentCrop
PermanentCrop,PermanentCrop
PermanentCrop,PermanentCrop
PermanentCrop,PermanentCrop
PermanentCrop,PermanentCrop
PermanentCrop,PermanentCrop
PermanentCrop,PermanentCrop
PermanentCrop,PermanentCrop
PermanentCrop,PermanentCrop
PermanentCrop,PermanentCrop
PermanentCrop,PermanentCrop
PermanentCrop,PermanentCrop
PermanentCrop,PermanentCrop
PermanentCrop,PermanentCrop
PermanentCrop,PermanentCrop
PermanentCrop,PermanentCrop
PermanentCrop,PermanentCrop
PermanentCrop,PermanentCrop
PermanentCrop,PermanentCrop
PermanentCrop,PermanentCrop
PermanentCrop,PermanentCrop
PermanentCrop,PermanentCrop
PermanentCrop,PermanentCrop
PermanentCrop,PermanentCrop
PermanentCrop,PermanentCrop
PermanentCrop,PermanentCrop
PermanentCrop,PermanentCrop
PermanentCrop,PermanentCrop
PermanentCrop,PermanentCrop
PermanentCrop,PermanentCrop
PermanentCrop,PermanentCrop
PermanentCrop,PermanentCrop
PermanentCrop,PermanentCrop
PermanentCrop,PermanentCrop
PermanentCrop,PermanentCrop
PermanentCrop,PermanentCrop
PermanentCrop,PermanentCrop
PermanentCrop,PermanentCrop
PermanentCrop,PermanentCrop
PermanentCrop,PermanentCrop
PermanentCrop,PermanentCrop
PermanentCrop,PermanentCrop
PermanentCrop,PermanentCrop
PermanentCrop,PermanentCrop
PermanentCrop,PermanentCrop
PermanentCrop,PermanentCrop
PermanentCrop,PermanentCrop
PermanentCrop,PermanentCrop
PermanentCrop,PermanentCrop
PermanentCrop,PermanentCrop
PermanentCrop,PermanentCrop
PermanentCrop,PermanentCrop
PermanentCrop,PermanentCrop
PermanentCrop,PermanentCrop
PermanentCrop,PermanentCrop
PermanentCrop,PermanentCrop
PermanentCrop,PermanentCrop
PermanentCrop,PermanentCrop
PermanentCrop,PermanentCrop
PermanentCrop,PermanentCrop
PermanentCrop,PermanentCrop
PermanentCrop,PermanentCrop
PermanentCrop,PermanentCrop
PermanentCrop,PermanentCrop
PermanentCrop,PermanentCrop
PermanentCrop,PermanentCrop
PermanentCrop,PermanentCrop
PermanentCrop,PermanentCrop
PermanentCrop,PermanentCrop
PermanentCrop,PermanentCrop
PermanentCrop,PermanentCrop
PermanentCrop,PermanentCrop
PermanentCrop,PermanentCrop
PermanentCrop,PermanentCrop
PermanentCrop,PermanentCrop
PermanentCrop,PermanentCrop
PermanentCrop,PermanentCrop
PermanentCrop,PermanentCrop
PermanentCrop,PermanentCrop
PermanentCrop,PermanentCrop
PermanentCrop,PermanentCrop
PermanentCrop,PermanentCrop
PermanentCrop,PermanentCrop
PermanentCrop,PermanentCrop
PermanentCrop,PermanentCrop
PermanentCrop,PermanentCrop
PermanentCrop,PermanentCrop
PermanentCrop,PermanentCrop
PermanentCrop,PermanentCrop
PermanentCrop,PermanentCrop
PermanentCrop,PermanentCrop
PermanentCrop,PermanentCrop
PermanentCrop,PermanentCrop
PermanentCrop,PermanentCrop
PermanentCrop,PermanentCrop
PermanentCrop,PermanentCrop
PermanentCrop,PermanentCrop
PermanentCrop,PermanentCrop
PermanentCrop,PermanentCrop
PermanentCrop,PermanentCrop
PermanentCrop,PermanentCrop
PermanentCrop,PermanentCrop
PermanentCrop,PermanentCrop
PermanentCrop,PermanentCrop
PermanentCrop,PermanentCrop
PermanentCrop,PermanentCrop
PermanentCrop,PermanentCrop
PermanentCrop,PermanentCrop
PermanentCrop,PermanentCrop
PermanentCrop,PermanentCrop
PermanentCrop,PermanentCrop
PermanentCrop,PermanentCrop
PermanentCrop,PermanentCrop
PermanentCrop,PermanentCrop
PermanentCrop,PermanentCrop
PermanentCrop,PermanentCrop
PermanentCrop,PermanentCrop
PermanentCrop,PermanentCrop
PermanentCrop,PermanentCrop
PermanentCrop,HerbaceousVegetation
PermanentCrop,PermanentCrop
PermanentCrop,PermanentCrop
PermanentCrop,PermanentCrop
PermanentCrop,PermanentCrop
PermanentCrop,PermanentCrop
PermanentCrop,PermanentCrop
PermanentCrop,PermanentCrop
PermanentCrop,PermanentCrop
PermanentCrop,PermanentCrop
PermanentCrop,PermanentCrop
PermanentCrop,PermanentCrop
PermanentCrop,PermanentCrop
PermanentCrop,PermanentCrop
PermanentCrop,PermanentCrop
PermanentCrop,PermanentCrop
PermanentCrop,PermanentCrop
PermanentCrop,PermanentCrop
PermanentCrop,PermanentCrop
PermanentCrop,PermanentCrop
PermanentCrop,PermanentCrop
PermanentCrop,PermanentCrop
PermanentCrop,PermanentCrop
PermanentCrop,PermanentCrop
PermanentCrop,PermanentCrop
PermanentCrop,PermanentCrop
PermanentCrop,PermanentCrop
PermanentCrop,PermanentCrop
PermanentCrop,PermanentCrop
PermanentCrop,PermanentCrop
PermanentCrop,PermanentCrop
PermanentCrop,PermanentCrop
PermanentCrop,PermanentCrop
PermanentCrop,PermanentCrop
PermanentCrop,PermanentCrop
PermanentCrop,PermanentCrop
PermanentCrop,PermanentCrop
PermanentCrop,HerbaceousVegetation
PermanentCrop,PermanentCrop
PermanentCrop,PermanentCrop
PermanentCrop,PermanentCrop
PermanentCrop,PermanentCrop
PermanentCrop,PermanentCrop
PermanentCrop,PermanentCrop
PermanentCrop,PermanentCrop
PermanentCrop,PermanentCrop
PermanentCrop,PermanentCrop
PermanentCrop,PermanentCrop
PermanentCrop,PermanentCrop
PermanentCrop,PermanentCrop
PermanentCrop,PermanentCrop
PermanentCrop,PermanentCrop
PermanentCrop,PermanentCrop
PermanentCrop,PermanentCrop
PermanentCrop,PermanentCrop
PermanentCrop,PermanentCrop
PermanentCrop,AnnualCrop
PermanentCrop,PermanentCrop
PermanentCrop,PermanentCrop
PermanentCrop,PermanentCrop
PermanentCrop,PermanentCrop
PermanentCrop,PermanentCrop
PermanentCrop,PermanentCrop
PermanentCrop,PermanentCrop
PermanentCrop,PermanentCrop
PermanentCrop,PermanentCrop
PermanentCrop,PermanentCrop
PermanentCrop,PermanentCrop
PermanentCrop,PermanentCrop
PermanentCrop,PermanentCrop
PermanentCrop,PermanentCrop
PermanentCrop,HerbaceousVegetation
PermanentCrop,PermanentCrop
PermanentCrop,PermanentCrop
PermanentCrop,PermanentCrop
PermanentCrop,PermanentCrop
PermanentCrop,PermanentCrop
PermanentCrop,PermanentCrop
PermanentCrop,PermanentCrop
PermanentCrop,PermanentCrop
Residential,Residential
Residential,Residential
Residential,Residential
Residential,Residential
Residential,Residential
Residential,Residential
Residential,Residential
Residential,Residential
Residential,Residential
Residential,Residential
Residential,Residential
Residential,Residential
Residential,Residential
Residential,Residential
Residential,Residential
Residential,Residential
Residential,Residential
Residential,Residential
Residential,Residential
Residential,Residential
Residential,Residential
Residential,Residential
Residential,Residential
Residential,Residential
Residential,Residential
Residential,Residential
Residential,Residential
Residential,Residential
Residential,Residential
Residential,Residential
Residential,Residential
Residential,Residential
Residential,Residential
Residential,Residential
Residential,Residential
Residential,Residential
Residential,Residential
Residential,Residential
Residential,Residential
Residential,Residential
Residential,Residential
Residential,Residential
Residential,Residential
Residential,Residential
Residential,Residential
Residential,Residential
Residential,Residential
Residential,Residential
Residential,Residential
Residential,Residential
Residential,Residential
Residential,Residential
Residential,Residential
Residential,Residential
Residential,Residential
Residential,Residential
Residential,Residential
Residential,Residential
Residential,Residential
Residential,Residential
Residential,Residential
Residential,Residential
Residential,Residential
Residential,Residential
Residential,Residential
Residential,Residential
Residential,Residential
Residential,Residential
Residential,Residential
Residential,Residential
Residential,Residential
Residential,Residential
Residential,Residential
Residential,Residential
Residential,Residential
Residential,Residential
Residential,Residential
Residential,Residential
Residential,Residential
Residential,Residential
Residential,Residential
Residential,Residential
Residential,Residential
Residential,Residential
Residential,Residential
Residential,Residential
Residential,Residential
Residential,Residential
Residential,Residential
Residential,Residential
Residential,Residential
Residential,Residential
Residential,Residential
Residential,Residential
Residential,Residential
Residential,Residential
Residential,Residential
Residential,Residential
Residential,Residential
Residential,Residential
Residential,Residential
Residential,Residential
Residential,Residential
Residential,Residential
Residential,Residential
Residential,Residential
Residential,Residential
Residential,Residential
Residential,Residential
Residential,Residential
Residential,Residential
Residential,Residential
Residential,Residential
Residential,Residential
Residential,Residential
Residential,Residential
Residential,Residential
Residential,Residential
Residential,Residential
Residential,Residential
Residential,Residential
Residential,Residential
Residential,Residential
Residential,Residential
Residential,Residential
Residential,Residential
Residential,Residential
Residential,Residential
Residential,Residential
Residential,Residential
Residential,Residential
Residential,Residential
Residential,Residential
Residential,Residential
Residential,Residential
Residential,Residential
Residential,Residential
Residential,Residential
Residential,Residential
Residential,Residential
Residential,Residential
Residential,Residential
Residential,Residential
Residential,Residential
Residential,Residential
Residential,Residential
Residential,Residential
Residential,Residential
Residential,Residential
Residential,Residential
Residential,Residential
Residential,Residential
Residential,Residential
Residential,Residential
Residential,Residential
Residential,Residential
Residential,Residential
Residential,Residential
Residential,Residential
Residential,Residential
Residential,Residential
Residential,Residential
Residential,Residential
Residential,Residential
Residential,Residential
Residential,Residential
Residential,Residential
Residential,Residential
Residential,Residential
Residential,Residential
Residential,Residential
Residential,Residential
Residential,Residential
Residential,Residential
Residential,Residential
Residential,Residential
Residential,Residential
Residential,Residential
Residential,Residential
Residential,Residential
Residential,Residential
Residential,Residential
Residential,Residential
Residential,Residential
Residential,Residential
Residential,Residential
Residential,Residential
Residential,Residential
Residential,Residential
Residential,Residential
Residential,Residential
Residential,Residential
Residential,Residential
Residential,Residential
Residential,Residential
Residential,Residential
Residential,Residential
Residential,Residential
Residential,Residential
Residential,Residential
Residential,Residential
Residential,Residential
Residential,Residential
Residential,Residential
Residential,Residential
Residential,Residential
Residential,Residential
Residential,Residential
Residential,Residential
Residential,Residential
Residential,Residential
Residential,Residential
Residential,Residential
Residential,Residential
Residential,Residential
Residential,Residential
Residential,Residential
Residential,Residential
Residential,Residential
Residential,Residential
Residential,Residential
Residential,Residential
Residential,Residential
Residential,Residential
Residential,Residential
Residential,Residential
Residential,Residential
Residential,Residential
Residential,Residential
Residential,Residential
Residential,Residential
Residential,Residential
Residential,Residential
Residential,Residential
Residential,Residential
Residential,Residential
Residential,Residential
Residential,Residential
Residential,Residential
Residential,Residential
Residential,Residential
Residential,Residential
Residential,Residential
Residential,Residential
Residential,Residential
Residential,Residential
Residential,Residential
Residential,Residential
Residential,Residential
Residential,Residential
Residential,Residential
Residential,Residential
Residential,Residential
Residential,Residential
Residential,Residential
Residential,Residential
Residential,Residential
Residential,Residential
Residential,Residential
Residential,Residential
Residential,Residential
Residential,Residential
Residential,Residential
Residential,Residential
Residential,Residential
Residential,Residential
Residential,Residential
Residential,Residential
Residential,Residential
Residential,Residential
Residential,Residential
Residential,Residential
Residential,Residential
Residential,Residential
Residential,Residential
Residential,Residential
Residential,Residential
Residential,Residential
Residential,Residential
Residential,Residential
Residential,Residential
Residential,Residential
Residential,Residential
Residential,Residential
Residential,Residential
Residential,Residential
Residential,Residential
Residential,Residential
Residential,Residential
Residential,Residential
Residential,Residential
Residential,Residential
Residential,Residential
Residential,Residential
Residential,Residential
Residential,Residential
Residential,Residential
Residential,Residential
Residential,Residential
Residential,Residential
River,River
River,River
River,River
River,River
River,River
River,River
River,River
River,River
River,River
River,River
River,River
River,River
River,River
River,River
River,River
River,River
River,River
River,River
River,River
River,River
River,River
River,River
River,River
River,River
River,River
River,River
River,River
River,River
River,River
River,River
River,River
River,River
River,River
River,River
River,River
River,River
River,River
River,River
River,River
River,Highway
River,River
River,River
River,River
River,River
River,River
River,River
River,River
River,River
River,River
River,River
River,River
River,River
River,River
River,River
River,River
River,River
River,River
River,River
River,River
River,River
River,River
River,River
River,River
River,River
River,River
River,River
River,River
River,River
River,River
River,River
River,River
River,River
River,River
River,River
River,River
River,River
River,River
River,River
River,River
River,River
River,River
River,River
River,River
River,River
River,River
River,River
River,River
River,River
River,River
River,River
River,River
River,River
River,River
River,River
River,River
River,River
River,River
River,River
River,River
River,River
River,River
River,River
River,River
River,River
River,River
River,River
River,River
River,River
River,River
River,River
River,River
River,River
River,River
River,River
River,River
River,River
River,River
River,River
River,River
River,River
River,River
River,River
River,River
River,River
River,River
River,River
River,River
River,River
River,Pasture
River,River
River,River
River,River
River,River
River,River
River,River
River,River
River,River
River,River
River,River
River,River
River,River
River,River
River,Highway
River,River
River,River
River,River
River,River
River,River
River,River
River,River
River,River
River,River
River,River
River,River
River,River
River,River
River,River
River,River
River,River
River,River
River,River
River,River
River,River
River,River
River,River
River,River
River,River
River,River
River,River
River,River
River,River
River,River
River,River
River,River
River,River
River,River
River,River
River,AnnualCrop
River,River
River,River
River,River
River,River
River,River
River,River
River,River
River,River
River,River
River,River
River,River
River,River
River,River
River,River
River,River
River,River
River,River
River,River
River,River
River,River
River,River
River,River
River,River
River,River
River,River
River,River
River,River
River,River
River,River
River,River
River,River
River,River
River,River
River,River
River,River
River,River
River,River
River,River
River,River
River,River
River,River
River,River
River,River
River,River
River,River
River,River
River,River
River,River
River,River
River,River
River,River
River,River
River,River
River,River
River,River
River,River
River,River
River,River
River,River
River,River
River,River
River,River
River,River
River,River
River,River
River,River
River,River
River,River
River,River
River,River
River,River
River,River
SeaLake,SeaLake
SeaLake,SeaLake
SeaLake,SeaLake
SeaLake,SeaLake
SeaLake,SeaLake
SeaLake,SeaLake
SeaLake,SeaLake
SeaLake,SeaLake
SeaLake,SeaLake
SeaLake,SeaLake
SeaLake,SeaLake
SeaLake,SeaLake
SeaLake,SeaLake
SeaLake,SeaLake
SeaLake,SeaLake
SeaLake,SeaLake
SeaLake,SeaLake
SeaLake,SeaLake
SeaLake,SeaLake
SeaLake,SeaLake
SeaLake,SeaLake
SeaLake,SeaLake
SeaLake,SeaLake
SeaLake,SeaLake
SeaLake,SeaLake
SeaLake,SeaLake
SeaLake,SeaLake
SeaLake,SeaLake
SeaLake,SeaLake
SeaLake,SeaLake
SeaLake,SeaLake
SeaLake,SeaLake
SeaLake,SeaLake
SeaLake,SeaLake
SeaLake,SeaLake
SeaLake,SeaLake
SeaLake,SeaLake
SeaLake,SeaLake
SeaLake,SeaLake
SeaLake,SeaLake
SeaLake,SeaLake
SeaLake,SeaLake
SeaLake,SeaLake
SeaLake,SeaLake
SeaLake,SeaLake
SeaLake,SeaLake
SeaLake,SeaLake
SeaLake,SeaLake
SeaLake,SeaLake
SeaLake,SeaLake
SeaLake,SeaLake
SeaLake,SeaLake
SeaLake,SeaLake
SeaLake,SeaLake
SeaLake,SeaLake
SeaLake,SeaLake
SeaLake,SeaLake
SeaLake,SeaLake
SeaLake,SeaLake
SeaLake,SeaLake
SeaLake,SeaLake
SeaLake,SeaLake
SeaLake,SeaLake
SeaLake,SeaLake
SeaLake,SeaLake
SeaLake,SeaLake
SeaLake,SeaLake
SeaLake,SeaLake
SeaLake,SeaLake
SeaLake,SeaLake
SeaLake,SeaLake
SeaLake,SeaLake
SeaLake,SeaLake
SeaLake,SeaLake
SeaLake,SeaLake
SeaLake,SeaLake
SeaLake,SeaLake
SeaLake,SeaLake
SeaLake,SeaLake
SeaLake,SeaLake
SeaLake,SeaLake
SeaLake,SeaLake
SeaLake,SeaLake
SeaLake,SeaLake
SeaLake,SeaLake
SeaLake,SeaLake
SeaLake,SeaLake
SeaLake,SeaLake
SeaLake,SeaLake
SeaLake,SeaLake
SeaLake,SeaLake
SeaLake,SeaLake
SeaLake,SeaLake
SeaLake,SeaLake
SeaLake,SeaLake
SeaLake,SeaLake
SeaLake,SeaLake
SeaLake,SeaLake
SeaLake,SeaLake
SeaLake,SeaLake
SeaLake,SeaLake
SeaLake,SeaLake
SeaLake,SeaLake
SeaLake,SeaLake
SeaLake,SeaLake
SeaLake,SeaLake
SeaLake,SeaLake
SeaLake,SeaLake
SeaLake,SeaLake
SeaLake,SeaLake
SeaLake,SeaLake
SeaLake,SeaLake
SeaLake,SeaLake
SeaLake,SeaLake
SeaLake,SeaLake
SeaLake,SeaLake
SeaLake,SeaLake
SeaLake,SeaLake
SeaLake,SeaLake
SeaLake,SeaLake
SeaLake,SeaLake
SeaLake,SeaLake
SeaLake,SeaLake
SeaLake,SeaLake
SeaLake,SeaLake
SeaLake,SeaLake
SeaLake,SeaLake
SeaLake,SeaLake
SeaLake,SeaLake
SeaLake,SeaLake
SeaLake,SeaLake
SeaLake,SeaLake
SeaLake,SeaLake
SeaLake,SeaLake
SeaLake,SeaLake
SeaLake,SeaLake
SeaLake,SeaLake
SeaLake,SeaLake
SeaLake,SeaLake
SeaLake,SeaLake
SeaLake,SeaLake
SeaLake,SeaLake
SeaLake,SeaLake
SeaLake,SeaLake
SeaLake,SeaLake
SeaLake,SeaLake
SeaLake,SeaLake
SeaLake,SeaLake
SeaLake,SeaLake
SeaLake,SeaLake
SeaLake,SeaLake
SeaLake,SeaLake
SeaLake,SeaLake
SeaLake,SeaLake
SeaLake,SeaLake
SeaLake,SeaLake
SeaLake,SeaLake
SeaLake,SeaLake
SeaLake,SeaLake
SeaLake,SeaLake
SeaLake,SeaLake
SeaLake,SeaLake
SeaLake,SeaLake
SeaLake,SeaLake
SeaLake,SeaLake
SeaLake,SeaLake
SeaLake,SeaLake
SeaLake,SeaLake
SeaLake,SeaLake
SeaLake,SeaLake
SeaLake,SeaLake
SeaLake,SeaLake
SeaLake,SeaLake
SeaLake,SeaLake
SeaLake,SeaLake
SeaLake,SeaLake
SeaLake,SeaLake
SeaLake,SeaLake
SeaLake,SeaLake
SeaLake,SeaLake
SeaLake,SeaLake
SeaLake,SeaLake
SeaLake,SeaLake
SeaLake,SeaLake
SeaLake,SeaLake
SeaLake,SeaLake
SeaLake,SeaLake
SeaLake,Pasture
SeaLake,SeaLake
SeaLake,SeaLake
SeaLake,SeaLake
SeaLake,SeaLake
SeaLake,SeaLake
SeaLake,SeaLake
SeaLake,SeaLake
SeaLake,SeaLake
SeaLake,SeaLake
SeaLake,SeaLake
SeaLake,SeaLake
SeaLake,SeaLake
SeaLake,SeaLake
SeaLake,SeaLake
SeaLake,SeaLake
SeaLake,SeaLake
SeaLake,SeaLake
SeaLake,SeaLake
SeaLake,SeaLake
SeaLake,SeaLake
SeaLake,SeaLake
SeaLake,SeaLake
SeaLake,SeaLake
SeaLake,SeaLake
SeaLake,SeaLake
SeaLake,AnnualCrop
SeaLake,SeaLake
SeaLake,SeaLake
SeaLake,SeaLake
SeaLake,SeaLake
SeaLake,SeaLake
SeaLake,SeaLake
SeaLake,SeaLake
SeaLake,SeaLake
SeaLake,SeaLake
SeaLake,SeaLake
SeaLake,SeaLake
SeaLake,SeaLake
SeaLake,SeaLake
SeaLake,SeaLake
SeaLake,SeaLake
SeaLake,SeaLake
SeaLake,SeaLake
SeaLake,SeaLake
SeaLake,SeaLake
SeaLake,SeaLake
SeaLake,SeaLake
SeaLake,SeaLake
SeaLake,SeaLake
SeaLake,SeaLake
SeaLake,SeaLake
SeaLake,SeaLake
SeaLake,SeaLake
SeaLake,SeaLake
SeaLake,SeaLake
SeaLake,HerbaceousVegetation
SeaLake,SeaLake
SeaLake,SeaLake
SeaLake,SeaLake
SeaLake,SeaLake
SeaLake,SeaLake
SeaLake,SeaLake
SeaLake,SeaLake
SeaLake,SeaLake
SeaLake,SeaLake
SeaLake,SeaLake
SeaLake,SeaLake
SeaLake,SeaLake
SeaLake,SeaLake
SeaLake,SeaLake
SeaLake,SeaLake
SeaLake,SeaLake
SeaLake,SeaLake
SeaLake,SeaLake
SeaLake,SeaLake
SeaLake,SeaLake
SeaLake,SeaLake
SeaLake,SeaLake
SeaLake,SeaLake
SeaLake,SeaLake
SeaLake,SeaLake
SeaLake,SeaLake
SeaLake,SeaLake
SeaLake,SeaLake
SeaLake,SeaLake
SeaLake,SeaLake
SeaLake,SeaLake
SeaLake,SeaLake
SeaLake,SeaLake
SeaLake,SeaLake
SeaLake,SeaLake
SeaLake,SeaLake
SeaLake,SeaLake
SeaLake,SeaLake
SeaLake,SeaLake
SeaLake,SeaLake
SeaLake,SeaLake
SeaLake,SeaLake
SeaLake,SeaLake
SeaLake,SeaLake
SeaLake,SeaLake
SeaLake,SeaLake
SeaLake,SeaLake
SeaLake,SeaLake
SeaLake,SeaLake
SeaLake,SeaLake
SeaLake,SeaLake
SeaLake,SeaLake
SeaLake,SeaLake
SeaLake,SeaLake
SeaLake,SeaLake
SeaLake,SeaLake
